"Transaction Hash","Blockno","UnixTimestamp","DateTime (UTC)","From","To","TokenValue","USDValueDayOfTx","ContractAddress","TokenName","TokenSymbol"
"0x976b2c819e5ac3f64623268146df04f5d577f2f6ea30810ba2ead7d325f993f4","15403324","1661349654","2022-08-24 14:00:54","0x56d8b635a7c88fd1104d23d632af40c1c3aac4e3","0x649614d3f7a7d68b3cf3c00264a07eeae4326fdc","7,123,204.228108725107069601","$7,124,039.83","0x6b175474e89094c44da98b954eedeac495271d0f","Dai Stablecoin","DAI"
"0xb67cecb08d2ce896cb4b76e4e5196d13fc26750b0a79f12ef41be61e7f02b909","15438621","1661838387","2022-08-30 05:46:27","0x090d4613473dee047c3f2706764f49e0821d256e","0x649614d3f7a7d68b3cf3c00264a07eeae4326fdc","2,500","N/A","0x4e0b2a80e158f8d28a2007866ab80b7f63be6076","ERC-20: Owlswap.org","OWLT"
"0xc65b8c5a3d0cbbfdde7d24702c1661bcc8b078c16470fb17bdca4ba73a025de8","15448110","1661968971","2022-08-31 18:02:51","0x6b175474e89094c44da98b954eedeac495271d0f","0x649614d3f7a7d68b3cf3c00264a07eeae4326fdc","150","N/A","0xbadb4170cd3309680477fc81d527101cbb4000ee","ERC-20 TOKEN*","ERC-20 TOKEN*"
"0xa0b05f6ed0db41abadcbfa8beffb51e0cee695f1d0df26622b7ec491cdffa043","15480456","1662417562","2022-09-05 22:39:22","0x6b175474e89094c44da98b954eedeac495271d0f","0x649614d3f7a7d68b3cf3c00264a07eeae4326fdc","777","N/A","0x106eebf11f34ecccad59c1ca9398d828765f64f8","ERC-20 TOKEN*","ERC-20 TOKEN*"
"0x8ae6b329dcd736ad4ffeaedd4bc3d83e2d4881d98232e8babae881594b459001","15545525","1663323371","2022-09-16 10:16:11","0xa27f25d6a8f876c8cdd506f6cc59f3166f2a494f","0x649614d3f7a7d68b3cf3c00264a07eeae4326fdc","85,478,450","N/A","0x6d9541ba0f1039d0f8636b4f39d20a8a7464f357","ERC-20 TOKEN*","ERC-20 TOKEN*"
"0x32c9d5ddb7d5383656b7798733d02e1fef638b3e106d56a420c92066d9df120e","15592288","1663890767","2022-09-22 23:52:47","0xb85a676965436e65f9b878c94cc4f5b53b96586e","0x649614d3f7a7d68b3cf3c00264a07eeae4326fdc","49,862,429","N/A","0x2f848b4a2b5dfc3b9e4eb229551c0887e6348653","ERC-20 TOKEN*","ERC-20 TOKEN*"
"0xabefe57c67d8dd083552788211bcea8832ba6dc025ecb5df87a6f77bf74004cb","15631797","1664367635","2022-09-28 12:20:35","0x0000000000000000000000000000000000000000","0x649614d3f7a7d68b3cf3c00264a07eeae4326fdc","32","N/A","0x14d1b27d79e97e96622618f9d4fa9b1e1e9ef082","ERC-20 TOKEN*","ERC-20 TOKEN*"
"0xa00d7cedc9c6f802c08b37a725184c31bcb5aa0f8d0581eb7f4e61ba51d7387a","15680277","1664953259","2022-10-05 07:00:59","0x552cfe6b693997861bc3bf2b479ecaae4ff9d004","0x649614d3f7a7d68b3cf3c00264a07eeae4326fdc","49,862,429","N/A","0xcdbd4089c2f98da715e52127680f87afdb183a2e","ERC-20 TOKEN*","ERC-20 TOKEN*"
"0xd5c1651a9c672d6ddecb4cae7109cab4eb3e7422adb817727704c5cd2db1a77a","15830554","1666766903","2022-10-26 06:48:23","0x902bc2cf070c7feb2142a595b9dd7be413f68ee3","0x649614d3f7a7d68b3cf3c00264a07eeae4326fdc","0.0000054","$0.00","0x667102bd3413bfeaa3dffb48fa8288819e480a88","Tokenize Emblem","TKX"
"0x997b38f6ad4e1554040b617baf0f0634814b70aa95c6d546f6775cd894e0afb3","15967847","1668423767","2022-11-14 11:02:47","0x6b175474e89094c44da98b954eedeac495271d0f","0x649614d3f7a7d68b3cf3c00264a07eeae4326fdc","7,000","N/A","0xe397ef3e332256f38983ffae987158da3e18c5ec","ERC-20 TOKEN*","ERC-20 TOKEN*"
"0xee8b2f0ffcc0f61bcee992c0ecbd1cf7f3531fc3e6a3de4b3c76ad34893592a9","16058522","1669518383","2022-11-27 03:06:23","0x7951c7ef839e26f63da87a42c9a87986507f1c07","0x649614d3f7a7d68b3cf3c00264a07eeae4326fdc","9","N/A","0x6545b409acdd7e1be14c835b5c3b826c5d312d02","ERC-20 TOKEN*","ERC-20 TOKEN*"
"0x0c90db731c8b8c5d4ae70c2698e30efc9370ebc688ca5711caed7b3ec3f46aea","16138956","1670489987","2022-12-08 08:59:47","0x1ea8e9366edcb0bb44975e722d68de41fea217b8","0x649614d3f7a7d68b3cf3c00264a07eeae4326fdc","21","N/A","0xa59e341e8047498700ed244814b01b34547fb21b","Medal of Honour","MOH"
"0xe043b4056fda0094264a0749b1d5bbe77f71617de587ee43dcf641d3a04de1bb","16168298","1670844143","2022-12-12 11:22:23","0xc3ae6e0dd713ebf7ddfc6925f92ecd6fb83a0ad7","0x649614d3f7a7d68b3cf3c00264a07eeae4326fdc","22,500,000","N/A","0x719304a66d6ca0eb2ac2287e16606b479588753d","ERC-20 TOKEN*","ERC-20 TOKEN*"
"0x9a8a30e3d375a951227e66dc14db2d158e1018702ba7dca2ff76cb0e3aaadd9d","16174214","1670915567","2022-12-13 07:12:47","0x176bbaac0ba3f34b306347dcc01e0283a5b2fffb","0x649614d3f7a7d68b3cf3c00264a07eeae4326fdc","1","N/A","0x19d4beb2bc410b80084fcbd0ac024326f4d3a370","ViCA Token","ViCA"
"0x230af81b7a554e45341ae70d428297340e3e0e3740e4d78ac0b653bcccd23af5","16211390","1671364259","2022-12-18 11:50:59","0xefabd3e2880a099ff70c2c0d38dd6d8a5aebfcb3","0x649614d3f7a7d68b3cf3c00264a07eeae4326fdc","276,556,218.520804047661695562","N/A","0xa2f414a1a980be531271a60cfc32004e065e9d01","ERC-20: FIFA World Cup Qatar 2022","Qatar"
"0xce8d6f54870d8cc39d8620cf7f72bca1204bc230b5da7b68ad256b9c8b8faecb","16460472","1674367907","2023-01-22 06:11:47","0xd152f549545093347a162dce210e7293f1452150","0x649614d3f7a7d68b3cf3c00264a07eeae4326fdc","0.01","N/A","0x232fb065d9d24c34708eedbf03724f2e95abe768","Sheesha Finance","SHEESHA"
"0x59d3f750efe71d10c8a9119104b3efa308763844deaa64d3c3abfd0dc3a47931","17228403","1683702227","2023-05-10 07:03:47","0xe235fcb058f8361cdf1749b513dd6630c92a15c6","0x649614d3f7a7d68b3cf3c00264a07eeae4326fdc","46,146","N/A","0xf3b123f7f659d71086b4b2a2be6b2a90622bf32f","ERC-20: $ cocETH.org","Reward Token from https://cocETH.org"
"0xca560e6f267e90bbe0e3af9501265609cf5bba6b4b049c51549f26c52c5fbe32","17540670","1687503839","2023-06-23 07:03:59","0x48f300bd3c52c7da6aabde4b683deb27d38b9abb","0x649614d3f7a7d68b3cf3c00264a07eeae4326fdc","956.9117814","N/A","0x7209b05ff0d83118cd94ff4f891665fc6cfff79b","ERC-20 TOKEN*","ERC-20 TOKEN*"
"0x57c58bfa1c5ef9bc6f3acc7a1d7d62c18eecac7d1a46ffd319f90ffa33dc2e5f","17542995","1687532099","2023-06-23 14:54:59","0x5d6ae6b6278e24505ae4fd36c67f316c54aa3b86","0x649614d3f7a7d68b3cf3c00264a07eeae4326fdc","517.769","N/A","0x53fffb19bacd44b82e204d036d579e86097e5d09","BigMouthFrog","BGBG"
"0x96b8165cc57f8783563bd831ca12f2e3c7e7081f6b6059239e0028545037c44f","17606371","1688301479","2023-07-02 12:37:59","0x649614d3f7a7d68b3cf3c00264a07eeae4326fdc","0xc9831af129be6d20d87067e953c5a40785672685","361","N/A","0xfda2f7eb28aedc9403738739e0ada3dbf8a76616","ERC-20 TOKEN*","ERC-20 TOKEN*"
"0xc1bb82299b24dd6b76070e643c7c6126957c87841e7ffd0c366277826d682157","17803247","1690688663","2023-07-30 03:44:23","0x0376c0de1c5d253e300a7c8c6114caa1f0c2a571","0x649614d3f7a7d68b3cf3c00264a07eeae4326fdc","1,000","N/A","0x6226e00bcac68b0fe55583b90a1d727c14fab77f","MultiVAC","MTV"
"0x15d0a9d8962c2eb68bab9a68b528b02735e8465fb907961aa1f508f89612cb73","18059937","1693792115","2023-09-04 01:48:35","0x834560f580764bc2e0b16925f8bf229bb00cb759","0x649614d3f7a7d68b3cf3c00264a07eeae4326fdc","1,485","N/A","0xf76d3351b147f6565fd255d85e75f323a8e43575","ERC-20 TOKEN*","ERC-20 TOKEN*"
"0x4447ef775434886e4ae687e64f5e6962f76980d477c66cdcf6a3bad8b76317f5","18106322","1694353091","2023-09-10 13:38:11","0xc5704cb297877ebdc69e16c7c214a3095dfa0b11","0x649614d3f7a7d68b3cf3c00264a07eeae4326fdc","1","N/A","0x57b9d10157f66d8c00a815b5e289a152dedbe7ed","ERC-20: 环球股","HQG"
"0x187f7883f391f30993b4371c05031e656b4f1c5415f51757e99bbf04186f90e9","18190301","1695372551","2023-09-22 08:49:11","0xde0b295669a9fd93d5f28d9ec85e40f4cb697bae","0x649614d3f7a7d68b3cf3c00264a07eeae4326fdc","1.4","N/A","0x6f01b41071b88d91b94f939fe6dd04d25e466c6c","ERC-20 TOKEN*","ERC-20 TOKEN*"
"0x202859233b9028c74448b492f19798f9e4c8896f43d6d80133f0933face0caeb","18606387","1700403359","2023-11-19 14:15:59","0x4f26ffbe5f04ed43630fdc30a87638d53d0b0876","0x649614d3f7a7d68b3cf3c00264a07eeae4326fdc","1.5","N/A","0x08918171758171a13050cde6cc6eb90172af5737","ERC-20 TOKEN*","ERC-20 TOKEN*"
"0x49a051a71ad52c10c72effe16c068685514774491602a196cbdf7ba7224cdd7e","18853033","1703389403","2023-12-24 03:43:23","0xde0b295669a9fd93d5f28d9ec85e40f4cb697bae","0x649614d3f7a7d68b3cf3c00264a07eeae4326fdc","1.7","N/A","0x0ead2eaaab224983e0dfd465c7fc3bbcb7de2493","ERC-20 TOKEN*","ERC-20 TOKEN*"
"0x9bc9558deffceba3c87974348eaadaa32ed6c72d20eb92c280ce803f29060b6f","19421707","1710279155","2024-03-12 21:32:35","0xf964819f1f040dc10cec096307e1ea4c284d2458","0x649614d3f7a7d68b3cf3c00264a07eeae4326fdc","118","N/A","0x9f9643209dcce8d7399d7bf932354768069ebc64","ERC-20: Invest Club Global","ICG"
"0x6a874f747021d1be21da99b33cf28404b6ecf747fc869b725ba1ed2d1b1c9a1f","19907245","1716161099","2024-05-19 23:24:59","0x9ea997f87c0dda9c439323d532dd4f8c3fad2a27","0x649614d3f7a7d68b3cf3c00264a07eeae4326fdc","69","N/A","0xb630d7388e3466af4952b6e5d8db63d828140e5d","Zettahash","ZHD"
"0x9ac0c47e800cf93ed9b1ed4c0ff4056de9338473745b38b851c5b8b9397d2f8e","20058658","1717989047","2024-06-10 03:10:47","0x0000000000000000000000000000000000000000","0x649614d3f7a7d68b3cf3c00264a07eeae4326fdc","8,200,000","N/A","0xcb8b32c13b17a3a109975dbbc674322497c10cd4","ERC-20: $ staders.com","$ staders.com"
"0x613c44806168228fde0b3cf9cc4f9ddeeb569a2327ece7007644c9c9bda41747","20126108","1718803991","2024-06-19 13:33:11","0xe24feb7c87b13a19e5abf87001e61f2300286829","0x649614d3f7a7d68b3cf3c00264a07eeae4326fdc","3.98768423722701824","N/A","0xa046017cf0e0c6fc0708f8db6d2fc4848ba6dc8a","ERC-20: Simpson","SIMP"
"0xf445708a86281b0871fd6ce3e3a859d76f74e3e7c58639f23effbcf7e105e968","20271495","1720559003","2024-07-09 21:03:23","0xb7e27d218b687e5d9234d6e31fe1ac8d0cf329f6","0x649614d3f7a7d68b3cf3c00264a07eeae4326fdc","31,572,056,184.92056275914521116","N/A","0x4646898f93eb705ff3f777fbf05fd05c8d4b6bc8","ERC-20 TOKEN*","ERC-20 TOKEN*"
"0x60d381e91a850f7595c308e9da47e77527c9a994aaccd02a37bb2c14d038a6a8","20638611","1724987339","2024-08-30 03:08:59","0x0000000000000000000000000000000000000000","0x649614d3f7a7d68b3cf3c00264a07eeae4326fdc","48,000","N/A","0xd5b0bd07864c0aacc3b6cd5e63c68c62c0f263d2","ERC-20 TOKEN*","ERC-20 TOKEN*"
"0x40031410c343d867d349f86707a93417eb489e95e549a9819e5e1dd6b4445068","20873559","1727820851","2024-10-01 22:14:11","0xfd1162aba000a17ac836c3c058fe760d425bb599","0x649614d3f7a7d68b3cf3c00264a07eeae4326fdc","34,000,000,000","N/A","0xa3f301b93cfd27b4362dbf3e67dc68dca8b5b799","ERC-20: Kojiro Inu","KOJIRO"
"0xc17137d526a9ed803e5a5f7b9dad372a051120a5be5ce87153e3063ac1ec8650","20873560","1727820863","2024-10-01 22:14:23","0xfd1162aba000a17ac836c3c058fe760d425bb599","0x649614d3f7a7d68b3cf3c00264a07eeae4326fdc","34,000,000,000","N/A","0xa3f301b93cfd27b4362dbf3e67dc68dca8b5b799","ERC-20: Kojiro Inu","KOJIRO"
"0xdc1e3030a38b5eba5d3a0a460be3897f504463f7d65f049df8d1bac4fccc28f5","20877863","1727872667","2024-10-02 12:37:47","0xfd1162aba000a17ac836c3c058fe760d425bb599","0x649614d3f7a7d68b3cf3c00264a07eeae4326fdc","1,000,000,000","N/A","0xa3f301b93cfd27b4362dbf3e67dc68dca8b5b799","ERC-20: Kojiro Inu","KOJIRO"
"0x0ee5351fd10a7814ae4c46efd04dac9e4cc4b1f5ea96bf6293e4983d37253e43","20887911","1727993831","2024-10-03 22:17:11","0x64a8c92843a239116fe0b6a391a169d3a1f0bf35","0x649614d3f7a7d68b3cf3c00264a07eeae4326fdc","2,500,000,000","N/A","0x230a98658d1d6f132611745cabca1e4b9fa1966e","ERC-20: UPtober","UPTOBER"
"0x473c5eb08037916e63387672111f5a4d8b5e489ca34f19e6a2fcbbfa9db23b83","20894918","1728078107","2024-10-04 21:41:47","0x6a596b6184e4dc8f2159b053672dc93b0586d73f","0x649614d3f7a7d68b3cf3c00264a07eeae4326fdc","888,000,000","N/A","0xf76e7f2524a0bef3a45f6c4e115e40f16cecf094","ERC-20: Veiro Inu","VEIRO"
"0xce845aa1215f6500d5b373b70be765116636eab27b6f309708e80e7ce865fe6d","20896634","1728098795","2024-10-05 03:26:35","0xe08a1b9f06adac1922a090dddad58bafe742b1ef","0x649614d3f7a7d68b3cf3c00264a07eeae4326fdc","1,264,120,459.22936577","N/A","0x7cc0d77b8ad80e40c5020f9b5d28984873aa026c","ERC-20: IZZY INU","IZZY INU"
"0xdb6a521be553ca0096dbfb3ef77aa971c1828ac8abba8166412db6ba1a80d3a0","20897755","1728112259","2024-10-05 07:10:59","0x1008cb664b7e2222568c8b0861a0d80d390ba9eb","0x649614d3f7a7d68b3cf3c00264a07eeae4326fdc","120,817,191.69828707","N/A","0x2dac442923ff58303dba8f4df8c0076370bd59f8","ERC-20: SASHA","SASHA"
"0x0db6098919bbf81617812f13c1632a620a848089486d62056d124f11d74783e4","20902460","1728168911","2024-10-05 22:55:11","0x359462180539c866e7abe06b6305d9b4bb5fc660","0x649614d3f7a7d68b3cf3c00264a07eeae4326fdc","89,000,000,000","N/A","0x3cb373b4ec92a60d3233e4ea542ca12bcb1bd7ed","ERC-20: Hippo Capital","HIPPO"
"0x194e33be266d24cdd70318ece00cdd76413c5a6e43941027e0f753f389184dfd","20902757","1728172475","2024-10-05 23:54:35","0x35ac1a38dabdad49b3c8593132906d0d11cdaa9a","0x649614d3f7a7d68b3cf3c00264a07eeae4326fdc","124,879,735.54997691","N/A","0x994ac2a090a552fd9169f52e96f8a798d3fdca18","ERC-20: America PAC","APAC"
"0x018955f2a8abbbe7e9ebc4da16eb8599855bd8d2ecf2b13936964173f7ed9ab7","20909571","1728254555","2024-10-06 22:42:35","0x6515c014a8f1e6a712941a4ef8a62e844b3749e5","0x649614d3f7a7d68b3cf3c00264a07eeae4326fdc","665,000,000,000","N/A","0x10a76004162e43b0dd07ae8f2bb297acad21e8ce","ERC-20: Muttley Inu","MUTTLEY"
"0xe777dddfa16c2043c2f4552f26bd81c2411c35d528a73584c223e2ef951fa0fa","20916777","1728341363","2024-10-07 22:49:23","0xae5dd3b42099fd49f3a60ec37f3c2f3bded3855e","0x649614d3f7a7d68b3cf3c00264a07eeae4326fdc","33,222,000,000","N/A","0xc863586e632b29c4c6e465af6db3d9e2764a4064","ERC-20: Smeagol The Frog","SMEAGOL"
"0x1306bb592f593dd9ecd0f68b89eec5d5809404ea053084c85816e70e3d5c057c","20917363","1728348419","2024-10-08 00:46:59","0x0fdd95420d726f1bc7041dc6aa909c87a1323bce","0x649614d3f7a7d68b3cf3c00264a07eeae4326fdc","15,500,000","N/A","0x2a246759109144072565f9fbad9b8975e2136afa","ERC-20: Pizza","PIZZA"
"0x745a37c7fb5bfaf67158302dce3b825a323981007c9c1b43660249c43beeac70","20923563","1728423071","2024-10-08 21:31:11","0x4d71a3c1a2cd9c7c02e7f7927219b0df7cfc8059","0x649614d3f7a7d68b3cf3c00264a07eeae4326fdc","9,990,000,000","N/A","0x0ab6b120d50d6b40abf5363b9bfd2d21a2fd4c52","ERC-20: Raijin DAO","RAIJIN"
"0xeed48dff278959c2db93a9c73a2a4bb116042067fa597e6efd110e5781018843","20927945","1728475835","2024-10-09 12:10:35","0x3c5da46d885c558e675601b83716f3dddabc1565","0x649614d3f7a7d68b3cf3c00264a07eeae4326fdc","80,817,191.69828707","N/A","0x9565c6d9145127640382758dd242d2eadff202c6","ERC-20: DAA","DAA"
"0x586f04287cd3aedcc716c62811dfe3e6707c135e0bbed2e5b8cf5d7c5e45c128","20932054","1728525299","2024-10-10 01:54:59","0x42ddc5cc441d81beeb6f3cfeb4c9148e1a96ba71","0x649614d3f7a7d68b3cf3c00264a07eeae4326fdc","1,312,989,317.81688135","N/A","0x7cfe836134589056ad6e1df303258a45f6bf27c6","ERC-20: Mochi","MOCHI"
"0xe381f7bbe643c8da0294385db8a807291bfd158e7c354157b4f367d18a0310eb","20945002","1728681419","2024-10-11 21:16:59","0x752483c4c5d1d9654b890bbaa2b9bce38656b94d","0x649614d3f7a7d68b3cf3c00264a07eeae4326fdc","6,802,429,557.92494922","N/A","0x46171cdae3cb473afe5b225862c01e72a8be75fc","ERC-20: NVIDIA AI","NVDA AI"
"0xe3c1769be3ebe52eb016c5966f3b465358b4bf5a09914016fa6b571cf72737bc","20945202","1728683843","2024-10-11 21:57:23","0x1cbdaf45966fbdbfce53470663738d6331e425d1","0x649614d3f7a7d68b3cf3c00264a07eeae4326fdc","999,000,000,000,000,000,000","N/A","0xe73b79c74ae235f3fdb1df7f556d3507559de05b","ERC-20: Shikoku DAO","SHIKOKU"
"0x93a1c396f16fc321d481eee8a676b2f0b7dc7e8292f9511872bb8e21b3ffc06a","20952276","1728769367","2024-10-12 21:42:47","0x6bcc1983041fbc3d30732df47acbc9d7cb8c27ae","0x649614d3f7a7d68b3cf3c00264a07eeae4326fdc","2,111,200,000","N/A","0x03a39492d545bb68dcb9a34fdfc43d0340cb9e13","ERC-20: Fuji Inu","FUJI"
"0xfc63a9ea589adfb1e3353c31ea49dbf8ace2e16e892b8f09c189edb1433f0b6f","20953334","1728782147","2024-10-13 01:15:47","0xf22665b7f822358608b3a5a1810434bd05e15367","0x649614d3f7a7d68b3cf3c00264a07eeae4326fdc","154,113,755.2503852","N/A","0x55d7e0f212155be5cf6b4284a77844c4781efc9f","ERC-20: Tesla Optimus","TESLA OPTIMUS"
"0xac5f507a3f1db931a0465432f38cc8facc2e725923a6e78f4ec77c48998a2ae9","20954659","1728798287","2024-10-13 05:44:47","0xda45465b96df92c38e56294bee9ce819e15cb68e","0x649614d3f7a7d68b3cf3c00264a07eeae4326fdc","17,352,800,000","N/A","0xea90b2ee41f65c0115ebf5be04c1e3a0fabc55dc","ERC-20: NeiroSPX","NeiroSPX"
"0x05341c9fae94298f9c860a213f5d9dafa8961235cce716133ff8798b668239c0","20956229","1728817403","2024-10-13 11:03:23","0xd0a70d1ad64ec3abc95f75f144fae45dbea7497b","0x649614d3f7a7d68b3cf3c00264a07eeae4326fdc","60,817,191.69828707","N/A","0xc29dcf0acf881abcebde495df96abb49320c3f2e","ERC-20: ONTZ","ONTZ"
"0x6ef3d1502ae4435df985aeb269507b1733e81a007464b77955683acf48551bcc","20956308","1728818351","2024-10-13 11:19:11","0x7f7c15cf7fa7ca72888c97874ac77235a70ea574","0x649614d3f7a7d68b3cf3c00264a07eeae4326fdc","55,817,191.69828707","N/A","0x867194deda0e8e5ce1885f61023beb0a6314dff0","ERC-20: ROBOT","ROBOT"
"0xca46c37a5f46720962d0d1064562e50549114065c90f2a7a9a6633bb297e52d9","20966821","1728945299","2024-10-14 22:34:59","0x29acf372359d036e1a711fe00e482d0743f09b4a","0x649614d3f7a7d68b3cf3c00264a07eeae4326fdc","30,000,000,000","N/A","0xcfbe14352416503aae8fffa3fffc0b600312c0a1","ERC-20: Bushido Inu","BUSHIDO"
"0x1de55312d10fead9ef9b264cdbe0e33b12a074c0fa9ebf0c1bb9ef17bb95cfe3","20970338","1728987719","2024-10-15 10:21:59","0xea1ff5809c05667437702ef089109691297964b9","0x649614d3f7a7d68b3cf3c00264a07eeae4326fdc","959,993,000,000","N/A","0xd9f45f3b7f62f7063690d0e94101cb0cf33d5d64","ERC-20: MEDUSA","MEDUSA"
"0x7d7b3bbc831f83f13c36bbf477c66c9852297624411194575fce1b3ea92919e7","20973923","1729031027","2024-10-15 22:23:47","0x6e0491cb28a7e966e19596e6d5283f31dd6fc570","0x649614d3f7a7d68b3cf3c00264a07eeae4326fdc","250,000,000","N/A","0x66d175016dd6944e4775ece681fab56a0639b9fa","ERC-20: MURAD6900","MURAD"
"0x527502f313d05ac0a82cf59ff673f6f67ab5e0df5c4571ec206b242b26478199","20980752","1729113407","2024-10-16 21:16:47","0xf6b388cd4e325cfdb7d6d807e82b09daafb20f7a","0x649614d3f7a7d68b3cf3c00264a07eeae4326fdc","35,000,000,000","N/A","0x69085cf159656f9617499fef7d69e84fa39b10e6","ERC-20: Yukimura Coin","YUKIMURA"
"0xf99ea0604f7eb09a1faa2f8117d06b3d8d9452ac13b82cd3998cfbf2997e97b1","20981349","1729120667","2024-10-16 23:17:47","0xea1ff5809c05667437702ef089109691297964b9","0x649614d3f7a7d68b3cf3c00264a07eeae4326fdc","73,609,900,007.36099","N/A","0xd9f45f3b7f62f7063690d0e94101cb0cf33d5d64","ERC-20: MEDUSA","MEDUSA"
"0xdeba04b969fe513e530601c802d7fbf0126cff49b6fbf0528d387411bd9c15ad","20982885","1729139171","2024-10-17 04:26:11","0xf4dfaf4ad605e34a84385b888a60c96530c2cf1d","0x649614d3f7a7d68b3cf3c00264a07eeae4326fdc","99,254,000,000,292.54","N/A","0x2fc03434da7f7e9b73d805d534e48b093980e34d","ERC-20: FOREST","FOREST"
"0x60238c67abe5f994ad90932ed019707c0a2fb26675154efe177d3ce49e4b32e0","20983219","1729143191","2024-10-17 05:33:11","0xf4dfaf4ad605e34a84385b888a60c96530c2cf1d","0x649614d3f7a7d68b3cf3c00264a07eeae4326fdc","9,795,417,703,917.954177039","N/A","0x2fc03434da7f7e9b73d805d534e48b093980e34d","ERC-20: FOREST","FOREST"
"0xdd1b75c9617a4c1e257cbee986bbfd97f5a9ce1a0a73b1481b80b224e7fc2813","20988408","1729205783","2024-10-17 22:56:23","0x04b2b0aa898668d85e23ea746a41abd8a8c563bb","0x649614d3f7a7d68b3cf3c00264a07eeae4326fdc","22,000,000,000","N/A","0xb19bf88ac61a3c077fecc0b837093e3972f3b5ea","ERC-20: Crypto Raptor","CRAPTOR"
"0x5761728251737ca15ae3680a0f0f2b047245061a5aea13e21bd8e55422d12335","20995088","1729286303","2024-10-18 21:18:23","0xb8f5787a6f7529d8616f2749ae4fb20a87aceea9","0x649614d3f7a7d68b3cf3c00264a07eeae4326fdc","22,000,000,000","N/A","0x2b8e7fed2a2f30b380c40b3a3316f9faf9bd8bac","ERC-20: Nagini Snake","NAGINI"
"0x2d920b70ce4bef470db4aa15ac3dc91ef1a2f3bbcce2416aebab55149914e52a","21002563","1729376399","2024-10-19 22:19:59","0xf72ff7f753ed186a801823fadb7b6a063b291fb1","0x649614d3f7a7d68b3cf3c00264a07eeae4326fdc","2,200,000,000","N/A","0xadd3a2f741483de1543b189e50a2db58fde2c75f","ERC-20: Yusaku Coin","YUSAKU"
"0xf84de5c8a35b018a2229342c6e464ca7033659a22ce004bad0119ece8d399655","21002863","1729379999","2024-10-19 23:19:59","0xe5d9591c7f5662b461b0097121780a0a37ff4b21","0x649614d3f7a7d68b3cf3c00264a07eeae4326fdc","75,957,156,555","N/A","0xb9389db0c23c690d0f5e7bd028bf6ed02a1cdbe5","ERC-20: POSDA","POSDA"
"0x45e5963aaa607b0163e9514e81e3c6ce8fb207052edc25cd94f92829260d3c1d","21009076","1729454867","2024-10-20 20:07:47","0xada37865d5ccd847e920b80fa4d22e6ea843792c","0x649614d3f7a7d68b3cf3c00264a07eeae4326fdc","998,000,000","N/A","0xebb6145733f3032c452ceb5f8184825d9b0e7ed4","ERC-20: Brood AI","BROOD"
"0xb82c96ffd96763c636abe0a7d45bb0727f3828a12858cda47ff4917af232752c","21016929","1729549535","2024-10-21 22:25:35","0x2eb03fedf6db504ba6365eb219b40fcf8f1e6ada","0x649614d3f7a7d68b3cf3c00264a07eeae4326fdc","500,000,000,000,000","N/A","0x620fed416d42907a69552d78319e53a8f32104d3","ERC-20: Funky Inu","FUNKY"
"0x844834026aee9b857699519c759238db8aaf17bb47e382d8a975d20f880f42b3","21020535","1729593059","2024-10-22 10:30:59","0x4609a3c055fd6b51129625a3a4fb3f10d65b53c5","0x649614d3f7a7d68b3cf3c00264a07eeae4326fdc","90,118,400,000","N/A","0xabce2a6dba83f118c1941f5c4ecdba1c152a6f33","ERC-20: slopgoat","SLOPGOAT"
"0xad126e8af8964d2db5cd1117d8513ea823ffb36a515065e18260b23b384b92ec","21024021","1729635131","2024-10-22 22:12:11","0x5cb4c856d4df3574493a70654dc654885c1d2365","0x649614d3f7a7d68b3cf3c00264a07eeae4326fdc","3,300,000,000","N/A","0xb94064988c7a91fb814bffb6de2e213ac49d01b7","ERC-20: Pusheen Coin","PUSHEEN"
"0x6059e0b8f6b47608814a071e43031abf975da5e977a8c59f56b90aea7435c1c9","21024135","1729636499","2024-10-22 22:34:59","0xddc480e035edfd61c890410813dcd724c3486c97","0x649614d3f7a7d68b3cf3c00264a07eeae4326fdc","6,843,545,893.83157487","N/A","0x79d7a360a77b20f9eda495652ef500dbc5a66588","ERC-20: Fartcoin","FARTCOIN"
"0xf528f09fe7da837866ce3158b7ceeb4f41f7415c41b8a4ec8b100780ac8aa7a4","21041776","1729849007","2024-10-25 09:36:47","0x9923f6026d95e6b17ed09237d25dae2c71e6ee39","0x649614d3f7a7d68b3cf3c00264a07eeae4326fdc","98,312,900,000","N/A","0xfe6a66bd36687fc06821ab596f2d23cb67ef3c4b","ERC-20: Halloween Chiikawa","CHIIKAWA"
"0x9954a06b1ab300576eb4a9256c504d43bd86adb088d52e298364d87a0b0c135d","21045448","1729893251","2024-10-25 21:54:11","0xadd4e14e07fb0e2a63de9f506685e6dca1d58935","0x649614d3f7a7d68b3cf3c00264a07eeae4326fdc","995,500,000,000","N/A","0x71853e30a958694cf623d6eca2711233971a6b86","ERC-20: AlphaProtocol-X","APX"
"0x02ce76f75aa7a8bed8c41761e6f5abf7a1fea29dcec95908689d5a5417dcbaf9","21048821","1729933919","2024-10-26 09:11:59","0x385c815b9c0febdb929a464bc62c98f9cc0e62db","0x649614d3f7a7d68b3cf3c00264a07eeae4326fdc","29,208,083,611","N/A","0x41cdd35b7f050fe900e7c2d0194fddad7572551d","ERC-20: GOTAD","GOTAD"
"0x59d4f4a812246b18b2d79ad9c5c836746555eff0333f81cb4dccc8a6c8637fd5","21061023","1730080955","2024-10-28 02:02:35","0x72ef44cf401b778b19244dfce980061d9a2e85e3","0x649614d3f7a7d68b3cf3c00264a07eeae4326fdc","984,537,444.63273987","N/A","0x658fb1ffa0e9daf45bfd3cd79e49d62734599a13","ERC-20: Moshi","MOSHI"
"0x0d603a5bc19e7a0297f5b7ebad2518315b3b43a9e6287ce202a2cecb5290aca1","21063472","1730110535","2024-10-28 10:15:35","0x59768e42286f439f84429c1563dc1abbcbe7bb76","0x649614d3f7a7d68b3cf3c00264a07eeae4326fdc","6,257,931.17752744","N/A","0x44ced3cb1f9b829ad8596b55d4d379528bc843af","ERC-20: Ai Comedian","AiBan"
"0x1c990694ea3b4f09fcfadcb505a3f61a64727c5f7723db6a618045802ab75a88","21065019","1730129231","2024-10-28 15:27:11","0xdf87866b9ff81d590d2f1cb2670c1af0f974be05","0x649614d3f7a7d68b3cf3c00264a07eeae4326fdc","59,756,894.19403131","N/A","0x58932676d6677b88947e48cf495b81974da21dcd","ERC-20: President Trump","47"
"0xd21c7952ac7eab5326d324cf87a7b5ed7b3f96555cd48ddef8024d499feb395d","21069514","1730183435","2024-10-29 06:30:35","0xaca53741bcc501c8d36c3d863debfb7ccf9d21fa","0x649614d3f7a7d68b3cf3c00264a07eeae4326fdc","3,211,514.48550307","N/A","0x018d774dac5e73f2bc02fd31c1dd3b3fe40d48f8","ERC-20: NVIDIA GPU","NGPU"
"0x26bc967d2bb483622a63d213e5e61a8458db0716171f57442304e2a1317fd9cf","21074927","1730248667","2024-10-30 00:37:47","0x74ac1c7f3dbabfc80a97b29165a8ba098f4daf10","0x649614d3f7a7d68b3cf3c00264a07eeae4326fdc","4,524,521.49318854","N/A","0x745fc811714f22fbb09b19a7e2581980a0ea04ad","ERC-20: ハチ公","Hachiko"
"0x8b0757601af0efec85fc0b43713ae2b6b4443e6203ee2a45a658fd38948baa78","21080193","1730312327","2024-10-30 18:18:47","0x110956c46f3419fba8707cd8dd00593792bfc0ff","0x649614d3f7a7d68b3cf3c00264a07eeae4326fdc","725,728,223.61712573","N/A","0xd3eb3d4e592a8079cd1f3b77a1c68544caaa5e2e","ERC-20: Trump Media &amp; Technology Group","TMTG"
"0x8d7081fffee2a8c28a3812ade4670b1cf28566a59692627c1a83fdcb7156b29b","21081030","1730322383","2024-10-30 21:06:23","0x110956c46f3419fba8707cd8dd00593792bfc0ff","0x649614d3f7a7d68b3cf3c00264a07eeae4326fdc","631,690,772.557589","N/A","0xd3eb3d4e592a8079cd1f3b77a1c68544caaa5e2e","ERC-20: Trump Media &amp; Technology Group","TMTG"
"0x51b75ece808a4576d1c48d424dee3c2ea0afd3859b2f5b69f495ff09ecd1a29a","21082521","1730340323","2024-10-31 02:05:23","0x49a72b1ea7a21e2914e0794e7e46f2fa21dc2eea","0x649614d3f7a7d68b3cf3c00264a07eeae4326fdc","684,513,561,325.12312231","N/A","0xa108ebfdab34bab590fe2f3b918c4619597f1feb","ERC-20: XMAGA47","XMAGA47"
"0xd327680165f8473f91a49018e24da91aef087a4096b08371640b018b89133111","21088247","1730409323","2024-10-31 21:15:23","0x48e8e7312a1eec14c336f777bf11477b75005c31","0x649614d3f7a7d68b3cf3c00264a07eeae4326fdc","200,000,000,000,000","N/A","0x327fe5184562cad0ca70c209a61b5de59bdd28bd","ERC-20: Spooky Finance","SPOOKY"
"0x26fb3eba025e98b7e21c02a6d99c52e8e2bbe548d2c975733918b1ad863827d6","21091267","1730445683","2024-11-01 07:21:23","0x20ac4ed3fc91ab0403f3dbfab70acc2d4a390948","0x649614d3f7a7d68b3cf3c00264a07eeae4326fdc","901,061,000,000","N/A","0x8d29ce056124a16b8ceeaad6e0dbc039a3e92c44","ERC-20: Carolina","Carolina"
"0x0963493943ae71c3addd17ae3725eec440d9b88f1de09643b4cd00ac0818f21c","21098142","1730528555","2024-11-02 06:22:35","0x48e8e7312a1eec14c336f777bf11477b75005c31","0x649614d3f7a7d68b3cf3c00264a07eeae4326fdc","99,500,000,000,000,000","N/A","0x327fe5184562cad0ca70c209a61b5de59bdd28bd","ERC-20: Spooky Finance","SPOOKY"
"0x66e16e6495df147025c928d9437f612d6f1e3ef0be19bb96746b2d3b233002bf","21103378","1730591831","2024-11-02 23:57:11","0x75d950b8f93ef4a5eea88557ecd64a893148f899","0x649614d3f7a7d68b3cf3c00264a07eeae4326fdc","858,000,000,000","N/A","0xc7ebd54c46569e5fa0d6d6e4790ccc0878b8d13e","ERC-20: Doger","DOGER"
"0x714e6e3aead5b596ef3e03e5414dd9550f884a33e69999b6e76aaa228245a3a3","21103380","1730591855","2024-11-02 23:57:35","0x75d950b8f93ef4a5eea88557ecd64a893148f899","0x649614d3f7a7d68b3cf3c00264a07eeae4326fdc","858,000,000,000","N/A","0xc7ebd54c46569e5fa0d6d6e4790ccc0878b8d13e","ERC-20: Doger","DOGER"
"0x745ce67488a833f7904a3776282ff67f89af251380103da96d40c9b0a16aa808","21103380","1730591855","2024-11-02 23:57:35","0x75d950b8f93ef4a5eea88557ecd64a893148f899","0x649614d3f7a7d68b3cf3c00264a07eeae4326fdc","858,000,000,000","N/A","0xc7ebd54c46569e5fa0d6d6e4790ccc0878b8d13e","ERC-20: Doger","DOGER"
"0xa1309156ffddd798eb88923fef091cd6b55416d836e4f64efeda43cdb9741b1a","21111682","1730691971","2024-11-04 03:46:11","0xcc1246f19546a07221bec576a9bbabd5ac90b8e1","0x649614d3f7a7d68b3cf3c00264a07eeae4326fdc","95,844,700,000","N/A","0xd739e7fbeb723a08e69d5dd353091fe7be28111b","ERC-20: Halloween Freedom","Freedom"
"0x7275f192ed8c1240c0e4671799a178299395e8ce9e7d3e74257d9388a7bdb153","21117947","1730767439","2024-11-05 00:43:59","0x108fb667276e3fd0cf2fff365d375fcd4c13a284","0x649614d3f7a7d68b3cf3c00264a07eeae4326fdc","30,000,000,000","N/A","0xbc14a5ce84b60a7fbe8d9e0f15db580987533d25","ERC-20: Free The Squirrel","SQUIRREL"
"0x688b0a310b590158630e5e4847d9210f82567ab3cd54cafa2f039719ab53c1f7","21119087","1730781215","2024-11-05 04:33:35","0x57960ef420c7fd7ee04c179ff47338d6fe3315da","0x649614d3f7a7d68b3cf3c00264a07eeae4326fdc","6,458,787,979,797,564.64612312","N/A","0x14a16a0abc0c00bbc1cf240c14c43dd42697a554","ERC-20: I LOVE TRUMP","I LOVE TRUMP"
"0x198abf76549b9805a4469fde9486844cd4543460b3d43580c64992d85fea702c","21124442","1730845847","2024-11-05 22:30:47","0xb5f358173f69c5024df2856c47880a163dbd4954","0x649614d3f7a7d68b3cf3c00264a07eeae4326fdc","999,000,000","N/A","0x8f74487fc027b87d398929a9e8d79220bb524650","ERC-20: Smart Monk","SMONK"
"0x6604ced5bff825d4b973736fadff4f58fb08c1e88a0833642911bcecdf71314f","21133568","1730955887","2024-11-07 05:04:47","0x33504f809d8a8165a27687079405269dccb29e7d","0x649614d3f7a7d68b3cf3c00264a07eeae4326fdc","2,990,000,000,000","N/A","0x88ec8a6a6898b0f165d4ac353cd85022b8f986d7","ERC-20: WhiteHouse Coin","WHITEHOUSE"
"0x1a0d7f60a9262c00fabdfa718e4a6a9422485976b8b3cb308fe80ff742268294","21196515","1731715007","2024-11-15 23:56:47","0x2c3cd5612d004328d648594c3c3bf07e43d35ef8","0x649614d3f7a7d68b3cf3c00264a07eeae4326fdc","1,885,000,000,000","N/A","0xc5267c2c6fbaaab188856d33517897d28911a0db","ERC-20: PEPE CLASSIC","PEPEc"
"0x6d87f750354eff0e1dab9b3334bb9e96179f3c78f57f2b3fdb68518dcf4089c3","21210634","1731885119","2024-11-17 23:11:59","0xb08d25a499d708f893ef88647d7aa2cfe9d7e1a9","0x649614d3f7a7d68b3cf3c00264a07eeae4326fdc","88,922,000,000","N/A","0x1073d3349dde71fd3169dabeab4f63be894f8eea","ERC-20: DogeSwap","DOGES"
"0x1469aef3786e4a6da84423f545a6ce32ca60b953e50982b64ad8c9a476fa4b34","21231782","1732139903","2024-11-20 21:58:23","0xb983b0759c715b807ca4d33a871d4e26b8384f6a","0x649614d3f7a7d68b3cf3c00264a07eeae4326fdc","200,000,000,000","N/A","0x2c3f695c96504249cf99b11b8b19fd397cd1e3e7","ERC-20: Tengu Inu","TENGU"
"0x723d236a339469f2a704d75e932236c980686cc107366a1cde2d2936bc55c071","21231832","1732140503","2024-11-20 22:08:23","0xb983b0759c715b807ca4d33a871d4e26b8384f6a","0x649614d3f7a7d68b3cf3c00264a07eeae4326fdc","300,000,000,000","N/A","0x2c3f695c96504249cf99b11b8b19fd397cd1e3e7","ERC-20: Tengu Inu","TENGU"
"0xf3bb4043dc25851b8ea70e17fb193aa0f861d76242ead8242273d4fbe71c2e3b","21239441","1732232303","2024-11-21 23:38:23","0x4fd758d4eb09cdcdf98f95d524634d3eb0b975ff","0x649614d3f7a7d68b3cf3c00264a07eeae4326fdc","89,000,000,000","N/A","0x297643ebc2b59f176f2f07bb517f8f5c65419e46","ERC-20: Dog Gatsby","GATSBY"
"0xef1257babc06114e515e411edf1e9ce903f0cd98070b0759e4c66d0a44e9c6bc","21253799","1732405439","2024-11-23 23:43:59","0x706407c00e6283f8681917f62c1948d0a2172b86","0x649614d3f7a7d68b3cf3c00264a07eeae4326fdc","899,000,000,000","N/A","0x1b7353b27bab48370d2485b0c51dc154483527f0","ERC-20: Gygax Coin","GYGAX"
"0x6b0241c8675b650360bccbc04381da39bfb72cf7e3e0a372b479ac473fabb510","21260150","1732481999","2024-11-24 20:59:59","0xbe5ff2f7f895a7ee148f3c7529e1f12f465aa76d","0x649614d3f7a7d68b3cf3c00264a07eeae4326fdc","75,000,000,000","N/A","0x634463ec975ff85dc5a6a30ce7ab50dd09fef564","ERC-20: Grover Token","GROVER"
"0x2ee847b4fb3adb12b5e8c5e321ab9966f72d711bc5bae95f1acc63eeccc8a076","21268514","1732582979","2024-11-26 01:02:59","0xd984a8b8587ab1fe9854aa4bc4365f9c73b95ab2","0x649614d3f7a7d68b3cf3c00264a07eeae4326fdc","335,000,000,000","N/A","0x16cd00ca60c1d375b4a490c5aaf1212266a9828f","ERC-20: GEM OF DEGENS","DeGEM"
"0x12c6be5523e19522244d944733fc907838537ec030ffac8a01e910da4de8caaa","21289207","1732833227","2024-11-28 22:33:47","0x08e7a0635983998675f07ada3bd53fe3bf71d885","0x649614d3f7a7d68b3cf3c00264a07eeae4326fdc","559,000,000","N/A","0xd3aef756e77ff56d2efcdc8bbb84674038da42ac","ERC-20: The Lord Orian","ORIAN."
"0xb3353eb89dc381972ada373d5bc0656c838d09c18eb1a3bf561e8b584f42d519","21296343","1732919555","2024-11-29 22:32:35","0x6043b07645ae894876fc36885e49112d46abca97","0x649614d3f7a7d68b3cf3c00264a07eeae4326fdc","3,350,000,000,000","N/A","0x36c224af80207ecaba3ee9052faaba56d1f50c18","ERC-20: Elrond Meme","ELROND"
"0x1f67f0b91503671a6c13442c2749f92c0a983f072790ca5909cb8165fc387978","21324974","1733265095","2024-12-03 22:31:35","0x98ec2c9174e6e8de77e3d17ee8bb057e1c59afe7","0x649614d3f7a7d68b3cf3c00264a07eeae4326fdc","66,000,000,000","N/A","0x278b3b1e986eab2d3a33340aeaa362f4b5452f05","ERC-20: Synergy AI","SynergyAI"
"0x028c68e7b4f8cf85f5fee5dbeff2399178ce4f3d95861cc264137f8867f85ad9","21324988","1733265263","2024-12-03 22:34:23","0x98ec2c9174e6e8de77e3d17ee8bb057e1c59afe7","0x649614d3f7a7d68b3cf3c00264a07eeae4326fdc","66,000,000,000","N/A","0x278b3b1e986eab2d3a33340aeaa362f4b5452f05","ERC-20: Synergy AI","SynergyAI"
"0xdee88791d90aa2ef3d8084ddda0ea1b612cdc5ed42d73b02d38316d291f0511d","21353844","1733613539","2024-12-07 23:18:59","0x29169786f212bb0eec647473a3e2e941ea29004e","0x649614d3f7a7d68b3cf3c00264a07eeae4326fdc","22,755,212,999","N/A","0xa0ccdbceb5da30f9d62f7a727f2b35c69df08760","ERC-20: Chunk AI","CHUNK"
"0xa1c4c00c4cdffd0d7db1ccd2dc794153f7deb9fafe33f800e8ce57d699f7dcd9","21353848","1733613587","2024-12-07 23:19:47","0x29169786f212bb0eec647473a3e2e941ea29004e","0x649614d3f7a7d68b3cf3c00264a07eeae4326fdc","66,655,212,999","N/A","0xa0ccdbceb5da30f9d62f7a727f2b35c69df08760","ERC-20: Chunk AI","CHUNK"
"0xf28aa6468572c6f646e7fe8c99e19cae0ba1f85f0e8b5e95ed7695e4977cddd8","21358103","1733664887","2024-12-08 13:34:47","0x3360b3c918c6b696ef24ecd45be15273e648cb22","0x649614d3f7a7d68b3cf3c00264a07eeae4326fdc","995,000,000","N/A","0xa09966dce0c795e2e1c4c7a03384e67d74c04039","ERC-20: Yoshiro AI","YOSHIRO"
"0xf3ea8bda4fb9f1265d69dcb997e5d5f809395fec631618e2f89d4bcfd6d29313","21358107","1733664935","2024-12-08 13:35:35","0x3360b3c918c6b696ef24ecd45be15273e648cb22","0x649614d3f7a7d68b3cf3c00264a07eeae4326fdc","995,000,000","N/A","0xa09966dce0c795e2e1c4c7a03384e67d74c04039","ERC-20: Yoshiro AI","YOSHIRO"
"0x11bbf900fbd34cd055449a9efa6a647d14af4f4405900b9f7c89c83ea57e38b0","21358477","1733669387","2024-12-08 14:49:47","0x029e87052e18a259367557e1ff32880951cc7d29","0x649614d3f7a7d68b3cf3c00264a07eeae4326fdc","7,750,000,000","N/A","0xdba22db98d9651e7d11b811476b0c7c563d7ff84","ERC-20: Tesla AI","TESLA AI"
"0x7c46eef28f239273f351604bbc4daaaf9fe75348342441d0fd872f45e45b58fa","21404122","1734219911","2024-12-14 23:45:11","0xcc8126a9cb890c112093424f90ebac5ffb52fc46","0x649614d3f7a7d68b3cf3c00264a07eeae4326fdc","23,300,000,000","N/A","0xf0c2d10d7e19ae6d7ac9855c00bcd33d43542723","ERC-20: Figaro AI","FIGARO"
"0xb463898313bece6ce4928360e4b04a53d99ddd8c55a68045908dacd640eec5e6","21404136","1734220079","2024-12-14 23:47:59","0xcc8126a9cb890c112093424f90ebac5ffb52fc46","0x649614d3f7a7d68b3cf3c00264a07eeae4326fdc","75,500,000,000","N/A","0xf0c2d10d7e19ae6d7ac9855c00bcd33d43542723","ERC-20: Figaro AI","FIGARO"
"0xa7aaa917866f2c88b329cea920c1c38f69959355b43e216736c2bdfdc0fee9df","21454465","1734827423","2024-12-22 00:30:23","0x92703706c70803e9edfee1a078669fde8e6dc13c","0x649614d3f7a7d68b3cf3c00264a07eeae4326fdc","99,600,000,000","N/A","0xe82d5d7366cd7f6a3cb0fc7231acca407930ce4c","ERC-20: Foozy Coin","FOOZY"
"0x2a60582533bf1e2affb7dd0ca671b4f5bd8935cb3b459c37ed4ca60d0474e37c","21454486","1734827675","2024-12-22 00:34:35","0x92703706c70803e9edfee1a078669fde8e6dc13c","0x649614d3f7a7d68b3cf3c00264a07eeae4326fdc","50,000,000,000","N/A","0xe82d5d7366cd7f6a3cb0fc7231acca407930ce4c","ERC-20: Foozy Coin","FOOZY"
"0x58266c14fb75ad9b70639a64a1d9fc7f68553f77d7821b4677af0634f519197b","21461517","1734912551","2024-12-23 00:09:11","0xbe2c744192b8b733ab3bb36302d556bb2f277b00","0x649614d3f7a7d68b3cf3c00264a07eeae4326fdc","750,000,000,000,000","N/A","0xfc1022f3b39e7f7098c0eb4d8a149a509ab52d7e","ERC-20: Better Call Saul","SAUL"
"0x4a9cb615cd5d16463778311fd5c95603d896edd657b46c298233dd5767e91ac3","21461530","1734912719","2024-12-23 00:11:59","0xbe2c744192b8b733ab3bb36302d556bb2f277b00","0x649614d3f7a7d68b3cf3c00264a07eeae4326fdc","750,000,000,000,000","N/A","0xfc1022f3b39e7f7098c0eb4d8a149a509ab52d7e","ERC-20: Better Call Saul","SAUL"
"0x501972a4a8bb79dc03217129f77485bec24a106545db72ef6c6409e41c80d0aa","21504500","1735431599","2024-12-29 00:19:59","0xed72ea6b0bde747587f00843e63d515457f9daed","0x649614d3f7a7d68b3cf3c00264a07eeae4326fdc","755,500,000,000","N/A","0xcc37f96ea66e2d56b23bfdde73dddc494616a17a","ERC-20: Kaboom","KABOOM"
"0x10a86823660af07ce144953d9914305c090a0d46bb1a1d69cc66391aaf98dd3c","21504513","1735431755","2024-12-29 00:22:35","0xed72ea6b0bde747587f00843e63d515457f9daed","0x649614d3f7a7d68b3cf3c00264a07eeae4326fdc","755,500,000,000","N/A","0xcc37f96ea66e2d56b23bfdde73dddc494616a17a","ERC-20: Kaboom","KABOOM"
"0xa67fecba51ea484f93d730fe76c9a95d31835d388300cbadeb7d543c61310c36","21504684","1735433807","2024-12-29 00:56:47","0x3f47961de99400404b114992031aa257c0404e5e","0x649614d3f7a7d68b3cf3c00264a07eeae4326fdc","899,000,000,000","N/A","0xbb5c3b198f6def369bfb6ac7a34bb08ea49a0770","ERC-20: Nansen AI","NANSEN AI"
"0xa17b8244fd79daf315ce5ba208ea46eebf72c175ee13ea19dc3bb20b936b728f","21514124","1735547639","2024-12-30 08:33:59","0x62ce30fee341befc23af387a9caf705884ae1a97","0x649614d3f7a7d68b3cf3c00264a07eeae4326fdc","78.2025","N/A","0x66f85e3865d0cfdc009acf6280a8621f12e46ccf","ERC-20: World Liberty Financial","WLFI"
"0x98d5c8123f4348b1c4dfb1a0d8bcc99cce521fa90d4ceefb2d53e7c560995922","21518844","1735604555","2024-12-31 00:22:35","0x6370c4ce09fd72756f912b0bc6cb8aee704e176e","0x649614d3f7a7d68b3cf3c00264a07eeae4326fdc","999,900,000","N/A","0x13507a31087a447e5c6373156e9911d68741d06f","ERC-20: Revolution Protocol","REVO"
"0x53d772e70e191759bdd1500c2934b0c526ff1d5e21898103faf04072b12b74ca","21518861","1735604759","2024-12-31 00:25:59","0x6370c4ce09fd72756f912b0bc6cb8aee704e176e","0x649614d3f7a7d68b3cf3c00264a07eeae4326fdc","999,900,000","N/A","0x13507a31087a447e5c6373156e9911d68741d06f","ERC-20: Revolution Protocol","REVO"
"0x13036c1621eb3a094ae6fbbc0ff3dce61a47357418157de3603b5d186818644c","21532969","1735774919","2025-01-01 23:41:59","0x5ec63e6ad3e97d846df63bff3081e435dc8f7359","0x649614d3f7a7d68b3cf3c00264a07eeae4326fdc","77,550,000,000","N/A","0x86a429c7f59dddf436e4f0fe449a0b77a33838a7","ERC-20: AI GENTLEMAN`S","AiGENTS"
"0xcb62137f94d235e66af1089285633dd09509a26b3186e614560c65a8a794e4d8","21539828","1735857551","2025-01-02 22:39:11","0xec4b4b7f6ec0a2361d67248936410ae8f0a37366","0x649614d3f7a7d68b3cf3c00264a07eeae4326fdc","1,999,000,000","N/A","0xf9bf734d17c01163ff566b6cb72661f140aa1c69","ERC-20: Tiberius DAO","TIBERIUS"
"0xd1627f1216fbb2907146d61f09b1e42d05f41ae556f0786af0be11bcc1493a1b","21546827","1735941935","2025-01-03 22:05:35","0x022783fb018e9ff3b449a01758769af3b4175646","0x649614d3f7a7d68b3cf3c00264a07eeae4326fdc","944,555,000,000","N/A","0x6336c350a7f4e59b4fbe65c53a1a2653cfa277d3","ERC-20: Fractal AI","FractalAI"
"0x3f4e2aa0c1ee625cabccb5c7b9e026f5ba560b2659a9d7c13012afa8c87d5c26","21550554","1735986959","2025-01-04 10:35:59","0xea81e6f7604132f7ad82bb30bdd2e50b4ae41224","0x649614d3f7a7d68b3cf3c00264a07eeae4326fdc","3,071,970,000","N/A","0x7d7a2e2be73787493570d6f1e6fa69072d3ddae0","ERC-20: zerebro Ai","ZEREBRO AI"
"0x7035572bb89898b384a3b30fb223da3eb8773d4badf39a5f33ea20f81f5fce1d","21550581","1735987283","2025-01-04 10:41:23","0xea81e6f7604132f7ad82bb30bdd2e50b4ae41224","0x649614d3f7a7d68b3cf3c00264a07eeae4326fdc","307,197,000,000","N/A","0x7d7a2e2be73787493570d6f1e6fa69072d3ddae0","ERC-20: zerebro Ai","ZEREBRO AI"
"0x5e5929bcd3caaa1e322218e862104e10755abf6d62716023ec47f863eee2c5c9","21553768","1736025683","2025-01-04 21:21:23","0xc0f47e54584bd246e3576d4c428d4a4bd670155a","0x649614d3f7a7d68b3cf3c00264a07eeae4326fdc","8,589,899,000,000","N/A","0x7d09a736c5fb1db357de04a07deb22d5829da26f","ERC-20: Together AI","TOGETHER AI"
"0x8e6e9e30f353eb1ba73f8316058a4e48ec79903d43d751017abb3af66842df86","21553768","1736025683","2025-01-04 21:21:23","0xb42c8522ab8565642481ecc9b9ca16824e210bd9","0x649614d3f7a7d68b3cf3c00264a07eeae4326fdc","1,000,000,000,000","N/A","0xb215f3927192181ebcd79227c70c10015ff10df3","ERC-20: Sakana AI","SAKANA AI"
"0x7e9ec3a251718863a72f004502dc2fb302a621806b8692a7a0aba408d4989033","21554656","1736036399","2025-01-05 00:19:59","0xe384b21ac41f011efccdc7cc91e9bfc8b3eee69a","0x649614d3f7a7d68b3cf3c00264a07eeae4326fdc","9,991,000,000","N/A","0xd87f8870ceedaa2cf443c437b0002e5af51d3612","ERC-20: Flavius Finance","FLAVIUS"
"0x4e48b4df5ad505f3e1964758e2eab2547bb2768fa3eef3fc31bd02737e4b6c1f","21555263","1736043695","2025-01-05 02:21:35","0x5af7d6e225e742e995e50c201b936bd8016517be","0x649614d3f7a7d68b3cf3c00264a07eeae4326fdc","788,995,000,000","N/A","0xa65d56f8e074e773142205cd065fd0796b9aa483","ERC-20: Massive AI","MASSIVE AI"
"0x4ab2cd00cc83e13b40eba612a45f8683c0e8f30af4ae91520a6893a9c604a484","21555263","1736043695","2025-01-05 02:21:35","0xd45dc3ebb8181de941205b4b00f77ce2c00b7ef5","0x649614d3f7a7d68b3cf3c00264a07eeae4326fdc","6,889,550,000,000","N/A","0xfcbe0b695c13257bd43d64f09db433034e90033d","ERC-20: Fixie AI","FIXIE AI"
"0xe8fb4bc788d92773b26462aabbae2f90956b3563ba4e47be113333c56c8fe895","21555263","1736043695","2025-01-05 02:21:35","0x3f47961de99400404b114992031aa257c0404e5e","0x649614d3f7a7d68b3cf3c00264a07eeae4326fdc","9,999,896,000,000","N/A","0xbb5c3b198f6def369bfb6ac7a34bb08ea49a0770","ERC-20: Nansen AI","NANSEN AI"
"0x3be46b3a0d70f67113ded92c2c4a5b267a95e37c88c91145cd365da8ab0139e0","21557074","1736065583","2025-01-05 08:26:23","0x567ef639bab374cbde0f3f3755044b8e8c4f9fe4","0x649614d3f7a7d68b3cf3c00264a07eeae4326fdc","137,294,000,000","N/A","0x3db875d39c58d9e9c81bc59590dbc6d7cf3b73f1","ERC-20: Try Ai","TRY AI"
"0x1d137be690d99fcbf68b86e750540c78bd159f81cd7f305915d18f4d75578452","21557390","1736069411","2025-01-05 09:30:11","0x5b1f667f02f6346399cd086a98eb4d25681821c7","0x649614d3f7a7d68b3cf3c00264a07eeae4326fdc","7,593,628,603.715432126547486026","N/A","0x1be5066d56336d1d0a567aad9af5accbcef75bc3","ERC-20: Bonkius Maximus","BONKIUS"
"0x7fc11db9209415b751f151cf41973b5c7c9f71870c86d3bd742b32b0babfeb8f","21562193","1736127467","2025-01-06 01:37:47","0xc47d2a085a8fefe7187c7e1521b2b6a2938ffd97","0x649614d3f7a7d68b3cf3c00264a07eeae4326fdc","995,000,000,000","N/A","0xe67e94c7089eaf46d9aebfe43e66944ef45ec1aa","ERC-20: Titus Augustus","TITUS"
"0x162f05da01f5867bb82c1c6bf9ebc54886a236cc622213f9d1430694ef3f9cc0","21562322","1736129015","2025-01-06 02:03:35","0x5af7d6e225e742e995e50c201b936bd8016517be","0x649614d3f7a7d68b3cf3c00264a07eeae4326fdc","978,670,000,000","N/A","0xa65d56f8e074e773142205cd065fd0796b9aa483","ERC-20: Massive AI","MASSIVE AI"
"0x0ae86a7042b08aeeb51241ef26f2207a961764371dcded063b91c126beaefe68","21562322","1736129015","2025-01-06 02:03:35","0xbae72325e4c05fd398e9876f04189127f808cd79","0x649614d3f7a7d68b3cf3c00264a07eeae4326fdc","9,869,900,000,000","N/A","0xe3436375938412948e6d7afe4164c1f9016887c8","ERC-20: MultiOn AI","MULTION AI"
"0xbb3d2f208b036a668f36d3563f1f8640498f46518b37004a17419c7e4d7fbbe7","21563974","1736148995","2025-01-06 07:36:35","0x480e1fdd7a55eaae1a80897b09a2e6051ad303b8","0x649614d3f7a7d68b3cf3c00264a07eeae4326fdc","915,601,000,000","N/A","0xb44271ca582f8aba085804c35e559f743e4d99ba","ERC-20: DGE","DGE"
"0x48a84b13a9c72c1d46a92397d590a21671f7a962601a1748f244f4b2ac346aa5","21563999","1736149295","2025-01-06 07:41:35","0x480e1fdd7a55eaae1a80897b09a2e6051ad303b8","0x649614d3f7a7d68b3cf3c00264a07eeae4326fdc","915,601,000,000","N/A","0xb44271ca582f8aba085804c35e559f743e4d99ba","ERC-20: DGE","DGE"
"0xd7cb064c98acaf8eed9e90098f33e2b38f0ddaff9b2001f08df2ef0879ac8dc6","21564564","1736156111","2025-01-06 09:35:11","0x3f47961de99400404b114992031aa257c0404e5e","0x649614d3f7a7d68b3cf3c00264a07eeae4326fdc","7,854,678,450,000,000","N/A","0xbb5c3b198f6def369bfb6ac7a34bb08ea49a0770","ERC-20: Nansen AI","NANSEN AI"
"0xb883e8454c35edd39923c1b67677eda43b81847fc2ee04ac07705d972150a5d8","21566066","1736174291","2025-01-06 14:38:11","0x814217be3b2ab91e47a011eee6e14c3b3fe65dad","0x649614d3f7a7d68b3cf3c00264a07eeae4326fdc","9,685,500,000,000","N/A","0x37843bc944edbb0477df943d9061d359004a4e70","ERC-20: AEROBUD","AEROBUD"
"0x95926d7ef358e42cb1f5e75d5de88453151451dea3fe8454e009cf36ede7badf","21576512","1736300195","2025-01-08 01:36:35","0x0b2214983328cd18ea52fb68fb1884b922d0ec6b","0x649614d3f7a7d68b3cf3c00264a07eeae4326fdc","2,000,000,000,000","N/A","0x923fbd128abb210951ee0a7f78bff21719eca40a","ERC-20: Murf AI","MURF AI"
"0x4403b10e611d830afc3dd7ecc2cd2a6db27429b6ac6cefc1e530bf45abf07d40","21577480","1736311883","2025-01-08 04:51:23","0x5af7d6e225e742e995e50c201b936bd8016517be","0x649614d3f7a7d68b3cf3c00264a07eeae4326fdc","768,000,000,000,000,000","N/A","0xa65d56f8e074e773142205cd065fd0796b9aa483","ERC-20: Massive AI","MASSIVE AI"
"0xccaf4636f9b154a9d7ae831774e78014060660f946a678e11eba9fe24f45ece5","21577845","1736316287","2025-01-08 06:04:47","0x764bb7844fd8f95f2892b90a343289c81a428da6","0x649614d3f7a7d68b3cf3c00264a07eeae4326fdc","193,515,000,000","N/A","0x1f28d8213cda79ce4faa3f0200db4daadef9385c","ERC-20: SONIC AI","SONIC AI"
"0x4aeccd334f92d68120fcadc90f958e72575a3c8e0b43285127fbbde3726cce54","21578823","1736328059","2025-01-08 09:20:59","0xb1bd6a87dbf3fa0c7aab4c8e273626f4180f16e5","0x649614d3f7a7d68b3cf3c00264a07eeae4326fdc","35,000,000,000,000","N/A","0x884a886d17a64852d18e5921fa7a05ae2954c9bb","ERC-20: Scale AI","SCALE AI"
"0xf8e63afbf8d0358a9c091410b500dcedca06e82b81c3c0365c1ce7e1e1bf41f5","21578862","1736328527","2025-01-08 09:28:47","0x14d46f558f6e62a1b3f525adcc5246cc33daa3ac","0x649614d3f7a7d68b3cf3c00264a07eeae4326fdc","14,744,900,000","N/A","0x90756da2b3e6ffdf6e4ad3d89ef60c5449f8772e","ERC-20: Swarms AI","Swarms AI"
"0x82309c4db30efb4abb0e013c231a13acdfe90702c73c085f0e041eceb0aabfa9","21579104","1736331455","2025-01-08 10:17:35","0xa3b242792868ab189d8b44c823b12f77010f9fb4","0x649614d3f7a7d68b3cf3c00264a07eeae4326fdc","600,000,000,000","N/A","0x07d739f025f816a56388f01d566f8e08e6c80651","ERC-20: Fish AI","FISH AI"
"0xda32815959c9c2dc581e6ad2c2ede6b05363ba7436526d292e8ffd4d48fe69c3","21585071","1736403311","2025-01-09 06:15:11","0xb42c8522ab8565642481ecc9b9ca16824e210bd9","0x649614d3f7a7d68b3cf3c00264a07eeae4326fdc","6,990,000,000,000","N/A","0xb215f3927192181ebcd79227c70c10015ff10df3","ERC-20: Sakana AI","SAKANA AI"
"0x97921baf78e239ecb7e8bb99fa47575bdd0a3358d1ecd297d0466ca3f28da4f6","21585368","1736406935","2025-01-09 07:15:35","0x14d46f558f6e62a1b3f525adcc5246cc33daa3ac","0x649614d3f7a7d68b3cf3c00264a07eeae4326fdc","14,744,900,000","N/A","0x90756da2b3e6ffdf6e4ad3d89ef60c5449f8772e","ERC-20: Swarms AI","Swarms AI"
"0xa11543c0ef1bd3cdd0969b9284a63ca0cfe7c020211451d2f5fe84beff03345a","21586939","1736425919","2025-01-09 12:31:59","0x0000000000000000000000000000000000000000","0x649614d3f7a7d68b3cf3c00264a07eeae4326fdc","900,000,000,000","N/A","0x1495ac869433698ccd2946c1e62d37ba766294a9","ERC-20: NVIDIA AI PC","NVIDIA AI PC"
"0x425a8ed399ca172cf76b8f02d71114612a350f96885c689cdcdecbe01c0534b8","21596666","1736543303","2025-01-10 21:08:23","0x0b2214983328cd18ea52fb68fb1884b922d0ec6b","0x649614d3f7a7d68b3cf3c00264a07eeae4326fdc","668,000,000,000,000","N/A","0x923fbd128abb210951ee0a7f78bff21719eca40a","ERC-20: Murf AI","MURF AI"
"0x52fea9951cd9395278a681ca0f66c36484ba4fc51d668b40311ec517e2d5b7af","21596907","1736546195","2025-01-10 21:56:35","0x3a203a4a2fc87797bafe127900df98b3f3dffb97","0x649614d3f7a7d68b3cf3c00264a07eeae4326fdc","87,000,000,000,000","N/A","0x224f8a141dc767ff2bac37a276fb04ae7c1611eb","ERC-20: Aiccelerate","AICC"
"0xfd146cb94fa8e4b71d337a1650088fee8f9d1453635a2a6592356f0844a0ba85","21597161","1736549267","2025-01-10 22:47:47","0xb5492b5bc6a3ede757b44e555ed26f2b7b951680","0x649614d3f7a7d68b3cf3c00264a07eeae4326fdc","3,350,000,000","N/A","0xee01e41d72aae639f903d52b0ded94d96980ee51","ERC-20: Cybernetic Agents","CYBER"
"0x0d7833f8e89a279557438a6a086a5a0ffd0ba32c15d66fe0d8af33aff43a4921","21597619","1736554787","2025-01-11 00:19:47","0x3a203a4a2fc87797bafe127900df98b3f3dffb97","0x649614d3f7a7d68b3cf3c00264a07eeae4326fdc","995,000,000,000,000","N/A","0x224f8a141dc767ff2bac37a276fb04ae7c1611eb","ERC-20: Aiccelerate","AICC"
"0x280257596db8dc24638bae70fd2f25750eab4330535b278ee01fd27dc8c80175","21598818","1736569247","2025-01-11 04:20:47","0x5ba12ba97106b1ed3dbd6b2e866ff9d1d02227a2","0x649614d3f7a7d68b3cf3c00264a07eeae4326fdc","2,829,900,000,000","N/A","0x00f00ab579e16bb2b6774487abbc16d98b2ab648","ERC-20: Pippin","pippin"
"0x1bc173a43ef53816d815ec5d9d30efdb4f0dd0ef093bebcd73dbf27133e20069","21599049","1736572031","2025-01-11 05:07:11","0x897d76cc21ec749fc238df2cdc7e5cc97b1a26de","0x649614d3f7a7d68b3cf3c00264a07eeae4326fdc","6,685,900,000,000,000","N/A","0x1f186de364a56e741fcb188d37a393d409d08aea","ERC-20: Aerodrome","AERO"
"0xdeb88a85762edc1def54b5a903defea5442c0fcc42b4f5039a5677e88c08534f","21599064","1736572223","2025-01-11 05:10:23","0x5ba12ba97106b1ed3dbd6b2e866ff9d1d02227a2","0x649614d3f7a7d68b3cf3c00264a07eeae4326fdc","2,829,900,000,000","N/A","0x00f00ab579e16bb2b6774487abbc16d98b2ab648","ERC-20: Pippin","pippin"
"0xf3c2dc8f2131dbebed44c618f0674a91474808d269109ceb783f94a0147d111e","21599112","1736572811","2025-01-11 05:20:11","0x925f82a829b9b67f320d032202390241bab256c9","0x649614d3f7a7d68b3cf3c00264a07eeae4326fdc","95,730,000,000,000","N/A","0x4d57c67c8bab0fb3a0a0a35b904fbff4e5450521","ERC-20: NVIDIA AI","NVIDIA AI"
"0xc8e9538a2feef70776503d0bd70496da960edd7cea5637741d09e729a5da791e","21599281","1736574839","2025-01-11 05:53:59","0x5722d1539c150458d603e7152652aee91f98bb26","0x649614d3f7a7d68b3cf3c00264a07eeae4326fdc","3,000,000,000","N/A","0xf577d76e6eb380c605ddd11b86408d70f48af250","ERC-20: Tesla AI","TESLA AI"
"0x9dd7fe76b8ce1177fa50e8ee2eb9c28ce56e6f346f43f4693eb7abb79e1a0c60","21599287","1736574911","2025-01-11 05:55:11","0x5af7d6e225e742e995e50c201b936bd8016517be","0x649614d3f7a7d68b3cf3c00264a07eeae4326fdc","420,000,000","N/A","0xa65d56f8e074e773142205cd065fd0796b9aa483","ERC-20: Massive AI","MASSIVE AI"
"0x9a67a0805981877a4afdf1e74a87946b1fdcd783534fbbe5771f24ad87d0641f","21599419","1736576507","2025-01-11 06:21:47","0x5af7d6e225e742e995e50c201b936bd8016517be","0x649614d3f7a7d68b3cf3c00264a07eeae4326fdc","5,000,000,000","N/A","0xa65d56f8e074e773142205cd065fd0796b9aa483","ERC-20: Massive AI","MASSIVE AI"
"0xd1ff2b37192afbff0fa076d8716d9259ebd7a392bc3972a3ab9e134f6f2a9f85","21599956","1736583023","2025-01-11 08:10:23","0xb5492b5bc6a3ede757b44e555ed26f2b7b951680","0x649614d3f7a7d68b3cf3c00264a07eeae4326fdc","3,350,000,000","N/A","0xee01e41d72aae639f903d52b0ded94d96980ee51","ERC-20: Cybernetic Agents","CYBER"
"0x487cf976eb0abf8add7fe3a0c3f956231542f64f2eecce740bfefedc0046a15f","21600610","1736590907","2025-01-11 10:21:47","0x3b2bb8daa3bc10854c261f6b13cb5259365ed0b1","0x649614d3f7a7d68b3cf3c00264a07eeae4326fdc","896,000,000,000","N/A","0x5bb38f4899797f03141782e9d2130c12769c0ccc","ERC-20: Inflection AI","INFLECTION AI"
"0x44f9885f318f19c06528ac3e773723b8b0e8c328ff70c4bf629ad2f8dcf99c22","21601147","1736597375","2025-01-11 12:09:35","0x2115f04ac7601a0309143116b1fd1c1e969cdf5c","0x649614d3f7a7d68b3cf3c00264a07eeae4326fdc","79,347,078.60235754","N/A","0x6ad4dfd045d77e032457e2953ef8a6504722ba5f","ERC-20: Pump.fun Agent","PUMPAGENT"
"0xb0a218f07eda97ac9fd244f745d9b44d582cd5b199faf38f71bf61f31026710f","21604005","1736631851","2025-01-11 21:44:11","0x3a203a4a2fc87797bafe127900df98b3f3dffb97","0x649614d3f7a7d68b3cf3c00264a07eeae4326fdc","8,990,000,000,000,000","N/A","0x224f8a141dc767ff2bac37a276fb04ae7c1611eb","ERC-20: Aiccelerate","AICC"
"0xa8cb01e14582ce3ab7804ea3c404598fac6aca07e5aed731183560c6a415fa63","21605205","1736646299","2025-01-12 01:44:59","0xd501e62378b964de817e75099b873a68d957d0ff","0x649614d3f7a7d68b3cf3c00264a07eeae4326fdc","114,177,386.62289877","N/A","0xc4596ab731991aa3b96272f24a9ec3f325a1a6ef","ERC-20: Aerodrome","AERO"
"0x8dae4054ea082e16de3ae6d411c085a61cb4465c1d01e8b0634550d5594c9aab","21606397","1736660663","2025-01-12 05:44:23","0x684de6fa01cf13f23fd9d87b1162d2735dc254d6","0x649614d3f7a7d68b3cf3c00264a07eeae4326fdc","930,000,000,000","N/A","0x9a7ddee20b61ea4f4812665edf39dd157a66e873","ERC-20: Luma AI","LUMA AI"
"0x83acf33f1a574c77159b14b1e597597284ca91f4f1fb891e1382e05c6487ca9c","21609370","1736696471","2025-01-12 15:41:11","0x684de6fa01cf13f23fd9d87b1162d2735dc254d6","0x649614d3f7a7d68b3cf3c00264a07eeae4326fdc","786,700,000,000","N/A","0x9a7ddee20b61ea4f4812665edf39dd157a66e873","ERC-20: Luma AI","LUMA AI"
"0xc560b8ce1805ffb0afd84c9dfbc72476d99b57924a1b8a2b3241ed15ca28b2a7","21610423","1736709167","2025-01-12 19:12:47","0xddb345b13fc57a6388277000c5c60f534c6c8898","0x649614d3f7a7d68b3cf3c00264a07eeae4326fdc","72,371,662.9182569","N/A","0xb081de19f75ffc2d3f2409f5df0a3ffd2a85a2e1","ERC-20: FartingGoatElizaOSai16zInu","AI INU"
"0xfc47dfe758e159a28a90a6fc8a5bc3c3bebd36b4f8c96362749cbdb66c1b8594","21611899","1736726963","2025-01-13 00:09:23","0xd45dc3ebb8181de941205b4b00f77ce2c00b7ef5","0x649614d3f7a7d68b3cf3c00264a07eeae4326fdc","8,678,000,000,000","N/A","0xfcbe0b695c13257bd43d64f09db433034e90033d","ERC-20: Fixie AI","FIXIE AI"
"0xdf9124c0055b9b82b0e342014369cfe8079f3bc5c44538ed31a598a6b25822d2","21611955","1736727635","2025-01-13 00:20:35","0xd4d35a1da1fc64cd6373ecf0ec78f3b0f0930f20","0x649614d3f7a7d68b3cf3c00264a07eeae4326fdc","100,000,000,000","N/A","0x4e6c80aa486af0ba20943fbc067a5557dbcf5458","ERC-20: Suno AI","SUNO AI"
"0xf62de19c62a79b780002aa526e1b14a1d33ee23f02dd6b2d57569b5622165b4e","21612469","1736733875","2025-01-13 02:04:35","0x722441ac3510a10923218cf379c63623ce61e549","0x649614d3f7a7d68b3cf3c00264a07eeae4326fdc","99,974,900,000","N/A","0xe51f8e2f6e4a952a3503d8be34f1f3931198590b","ERC-20: leader","LEADER"
"0x52c79c8cc540fd45d34ca0a2b2421224ee28aa471bd6879f3380ca296f7294a0","21612588","1736735339","2025-01-13 02:28:59","0x897d76cc21ec749fc238df2cdc7e5cc97b1a26de","0x649614d3f7a7d68b3cf3c00264a07eeae4326fdc","100,000,000,000","N/A","0x1f186de364a56e741fcb188d37a393d409d08aea","ERC-20: Aerodrome","AERO"
"0xf262cd4d4c4b89cda2bf761d2a61335bb3a7228d5a5f661cabf0fd444eae0659","21613152","1736742155","2025-01-13 04:22:35","0x1d729b120214800103a813542ebb104cf11324f1","0x649614d3f7a7d68b3cf3c00264a07eeae4326fdc","10,118,384,493","N/A","0x1cdbe74be73d7b9910993660779acff041ec5a0a","ERC-20: OSUDG","OSUDG"
"0x4a92d25a2fc7205cf5b5401a8489da9e2e13f39c41911ace08f7f79d8f8e9846","21613306","1736744003","2025-01-13 04:53:23","0x4176d5c7b8743fd8e764cd3759c7ae7098eb13a7","0x649614d3f7a7d68b3cf3c00264a07eeae4326fdc","22,513,264,531.2645312","N/A","0x5be480aa056ec274e5ae970d7a75df0c9620f6f8","ERC-20: Fridon AI","Fridon AI"
"0x94493129fe90bd05aa1ce05369b10c20b3d95d7a85f5d6958205c6581da12a5a","21613361","1736744663","2025-01-13 05:04:23","0x684de6fa01cf13f23fd9d87b1162d2735dc254d6","0x649614d3f7a7d68b3cf3c00264a07eeae4326fdc","100,000,000,000","N/A","0x9a7ddee20b61ea4f4812665edf39dd157a66e873","ERC-20: Luma AI","LUMA AI"
"0xd644cf2f153ac4b901f3abe20269c134fa6caf8cd0b617e02ad2e4573c4c00a5","21619802","1736822483","2025-01-14 02:41:23","0x741f707fbfdccc7bd5f013df5b2c7abdc3a859d9","0x649614d3f7a7d68b3cf3c00264a07eeae4326fdc","100,000,000,000","N/A","0xa1f76f1c94078f7d2e05152dc3e31ded819dfdc0","ERC-20: Kaito AI","KAITO AI"
"0xb02342a3e3b438b586039fb027e1c165ea31d8d91222183bc47091d5fdcc1b12","21621078","1736837879","2025-01-14 06:57:59","0x7b67a7158a40f1941650c7fdbac04a36fff6f24c","0x649614d3f7a7d68b3cf3c00264a07eeae4326fdc","122,513,264,531.2645312","N/A","0x6ac9ca5710ba6b985b46fd5282a59ebbea3434d4","ERC-20: YOK AI","YOK AI"
"0xcab7791929c852ab73475cd3cc026a095915eedaa03012a4d44db19def22b261","21625678","1736893343","2025-01-14 22:22:23","0xc114c3fefddb04666e41938a764103c21d6dcbc6","0x649614d3f7a7d68b3cf3c00264a07eeae4326fdc","2,250,000,000","N/A","0xccb1ee1375384a378a128b5031b70faa5c2a7212","ERC-20: Ripple Musk","rMUSK"
"0x6d433888a53cd176d1089c819c3edf0f28402fc35f5558ab1bd9305386620a37","21626955","1736908751","2025-01-15 02:39:11","0x741f707fbfdccc7bd5f013df5b2c7abdc3a859d9","0x649614d3f7a7d68b3cf3c00264a07eeae4326fdc","100,000,000,000","N/A","0xa1f76f1c94078f7d2e05152dc3e31ded819dfdc0","ERC-20: Kaito AI","KAITO AI"
"0x3f898b2eb3d53a3748e72db485dea73b00619893855ff63c74d0e5a3d51c9648","21627026","1736909603","2025-01-15 02:53:23","0xd4d35a1da1fc64cd6373ecf0ec78f3b0f0930f20","0x649614d3f7a7d68b3cf3c00264a07eeae4326fdc","100,000,000,000","N/A","0x4e6c80aa486af0ba20943fbc067a5557dbcf5458","ERC-20: Suno AI","SUNO AI"
"0xf9c7302350fca9c080a10b567809997afd8647a0d1178973c1208123622e88b4","21627292","1736912795","2025-01-15 03:46:35","0x5836f1ca21c20a3cba08c78030e239cd58fa137d","0x649614d3f7a7d68b3cf3c00264a07eeae4326fdc","100,000,000,000","N/A","0x918b19b4018ec20cc103b8f93910120239c7eb20","ERC-20: Breakfast AI","BREAKFAST AI"
"0x927729212453441a898bd0654d1bd62f497a2dc79fd03d3d6c26d4fec9687ff6","21628311","1736925131","2025-01-15 07:12:11","0xc1a130046418c696323db90b2d15c225073cad83","0x649614d3f7a7d68b3cf3c00264a07eeae4326fdc","989,422,000,000","N/A","0x64b13047b9ceab71157b0fc077293835c618a3ac","ERC-20: Official Token of SEC","Howey Coins"
"0x0e530021598311e6620487e9613fd7c4f95dcffbd60768f25b8b972fbe8bcfd4","21628801","1736931035","2025-01-15 08:50:35","0x741f707fbfdccc7bd5f013df5b2c7abdc3a859d9","0x649614d3f7a7d68b3cf3c00264a07eeae4326fdc","100,000,000,000","N/A","0xa1f76f1c94078f7d2e05152dc3e31ded819dfdc0","ERC-20: Kaito AI","KAITO AI"
"0x8b732b5deb276dd961bcb8ae39c0537a865002b75da6fd296dc8e378f806f828","21628805","1736931083","2025-01-15 08:51:23","0x5836f1ca21c20a3cba08c78030e239cd58fa137d","0x649614d3f7a7d68b3cf3c00264a07eeae4326fdc","100,000,000,000","N/A","0x918b19b4018ec20cc103b8f93910120239c7eb20","ERC-20: Breakfast AI","BREAKFAST AI"
"0x1dc004a46b8a2048e12160b9eb5412907a8c92b6837a6ab1f4f0d54fad560bb4","21634890","1737004499","2025-01-16 05:14:59","0x4176d5c7b8743fd8e764cd3759c7ae7098eb13a7","0x649614d3f7a7d68b3cf3c00264a07eeae4326fdc","22,513,264,531.2645312","N/A","0x5be480aa056ec274e5ae970d7a75df0c9620f6f8","ERC-20: Fridon AI","Fridon AI"
"0x70641d5786afa6ed9f0dbc0b7eee20254c5517ea85070845ea72d46bb92da28b","21640245","1737069035","2025-01-16 23:10:35","0x925f82a829b9b67f320d032202390241bab256c9","0x649614d3f7a7d68b3cf3c00264a07eeae4326fdc","1,000,000,000,000","N/A","0x4d57c67c8bab0fb3a0a0a35b904fbff4e5450521","ERC-20: NVIDIA AI","NVIDIA AI"
"0xd50a84d131afe83462cca65a1c8bce70eb804fc36b77d1273854a3434c7a63ee","21640473","1737071783","2025-01-16 23:56:23","0xda5f1d22c3ee8caad9d3155a597822dad7b88590","0x649614d3f7a7d68b3cf3c00264a07eeae4326fdc","100,000,000,000","N/A","0xc91223f844772dcdc2c6394585c8c30b3c1be5c0","ERC-20: Send AI","SEND AI"
"0x5c2774a1a7af26e212d7f87a9fde176fc8ff4b2a2db69e5ca5394882dfc0dfd9","21642427","1737095327","2025-01-17 06:28:47","0xcddfa74141628c951768e41dfa828089fa467c9f","0x649614d3f7a7d68b3cf3c00264a07eeae4326fdc","62,513,264,531.2645312","N/A","0x64b3336d1adc6d3579e356760f53d3b018cb11bc","ERC-20: Alchemic AI","ALC AI"
"0x0d182d5e981f899c31a7d1f8a7789f273e6b4f7450b58a6360876755fb158ea6","21647813","1737160343","2025-01-18 00:32:23","0x684de6fa01cf13f23fd9d87b1162d2735dc254d6","0x649614d3f7a7d68b3cf3c00264a07eeae4326fdc","210,000,000,000","N/A","0x9a7ddee20b61ea4f4812665edf39dd157a66e873","ERC-20: Luma AI","LUMA AI"
"0x0cf6eaa76ab58bb74f61df8782a67fec7b66b4ca986a46b717a9a26f2f39d3bb","21673418","1737469187","2025-01-21 14:19:47","0x36cb06b9af17e7f79f07f245d4db9f6487d448ea","0x649614d3f7a7d68b3cf3c00264a07eeae4326fdc","500,000,000","N/A","0xa2d3c9187492e571853fd77aadbbcb4a217e8fba","ERC-20: Barron Trump","BARRON"
"0x5acf40967f41a60771febf42d250031ebfa694a32d94438b094b96ca8f9269af","21677029","1737512735","2025-01-22 02:25:35","0xb1bd6a87dbf3fa0c7aab4c8e273626f4180f16e5","0x649614d3f7a7d68b3cf3c00264a07eeae4326fdc","470,000,000,000","N/A","0x884a886d17a64852d18e5921fa7a05ae2954c9bb","ERC-20: Scale AI","SCALE AI"
"0xb816a70b5074eb0d3ed0720645bdb0c395857253504e39dfbd16b2ddb3ef1871","21679328","1737540467","2025-01-22 10:07:47","0x705272f9fbbf7ab16c3fef8c37b6cdf3ad90eaab","0x649614d3f7a7d68b3cf3c00264a07eeae4326fdc","5,500,000,000,000","N/A","0x17ee205a5d86355c75a3a13ca4f469dd18034218","ERC-20: Vertigo DAO","VERTIGO"
"0x74fc1d2ae395e7459c3356f2a947b72d16b9e8f6a286a2edb8658c4111c7bbdc","21679565","1737543311","2025-01-22 10:55:11","0x925f82a829b9b67f320d032202390241bab256c9","0x649614d3f7a7d68b3cf3c00264a07eeae4326fdc","150,000,000,000","N/A","0x4d57c67c8bab0fb3a0a0a35b904fbff4e5450521","ERC-20: NVIDIA AI","NVIDIA AI"
"0x2286b8cc7f79dd780e2b6011f2bffd28559daa0460144cca29d8940f0f8b279d","21684425","1737601931","2025-01-23 03:12:11","0xc04f0aef3b77bbe8770cfcdad6ec089e0fe57322","0x649614d3f7a7d68b3cf3c00264a07eeae4326fdc","10,000,000,000","N/A","0xe7fb8ee1a8cb92501ad326ae0806f29194eaf44a","ERC-20: Open AI","OPEN AI"
"0x197c5d51663379719e011aeb6ba5f7a8eee07ec08c6e4b3a0956f47e69860b4c","21684425","1737601931","2025-01-23 03:12:11","0xc04f0aef3b77bbe8770cfcdad6ec089e0fe57322","0x649614d3f7a7d68b3cf3c00264a07eeae4326fdc","10,000,000,000","N/A","0xe7fb8ee1a8cb92501ad326ae0806f29194eaf44a","ERC-20: Open AI","OPEN AI"
"0x7fc5534e91e79a001886204323afb9b290fe5cfdd051efc54834c66398089dd9","21685006","1737608963","2025-01-23 05:09:23","0xeba1d37f45f8c908d63432bd911c7880ba6729cb","0x649614d3f7a7d68b3cf3c00264a07eeae4326fdc","52,513,264,531.2645312","N/A","0x1f7b20004ebd7e258b9f45568ce789fc5d2140fb","ERC-20: Ivana Trump","Ivana Trump"
"0x3258c24fb202f31db9b0252bc7a2dd3dddaf3b448b213fdee3ed044cae860f4c","21686818","1737630815","2025-01-23 11:13:35","0x902466118de58025d5b27995b19d43e5c4d6f6b7","0x649614d3f7a7d68b3cf3c00264a07eeae4326fdc","5,463.76476473","N/A","0xb85485421d8a41c4648ab80be1a725fa6b5bc86d","ERC-20: Make Europe Great Again","MEGA"
"0xc02659d6b6e6f3288efeff2eb7da7fcc0aaf2478cef2b54b83a2b6e5cb9f984d","21697357","1737757787","2025-01-24 22:29:47","0x1c0c28f9c601b57eee5a73dc981806f63843135f","0x649614d3f7a7d68b3cf3c00264a07eeae4326fdc","32,630,000,000,000","N/A","0x1c0c28f9c601b57eee5a73dc981806f63843135f","ERC-20: John Fitzgerald Kennedy","JFK"
"0xad22db32efd0029a93ba149d66ae7b52c9e8a1a6567096e99f820710006f2a71","21698500","1737771623","2025-01-25 02:20:23","0x7bd90e2035578d8162b9ae0ba0ba185fc6fc4cdd","0x649614d3f7a7d68b3cf3c00264a07eeae4326fdc","100,000,000,000","N/A","0x3119ec517308ebca80d046b746219c6402582180","ERC-20: Momo AI","MOMO AI"
"0x6d32c17c0823da8599cc2c25a1da8fa948c9ec43228f145d3139b2fa7c3d5a4f","21707013","1737874235","2025-01-26 06:50:35","0x7444590c145f0084eaa1b9270c4eccc8c2c9fe2c","0x649614d3f7a7d68b3cf3c00264a07eeae4326fdc","36,110,000","N/A","0x65c46c9fa2fb658bd25c1a973d25db2cd388d8ea","ERC-20: Official Barron Meme","BARRON"
"0x824ba81d21873b9cb3bfb973db9fddf14b93528d05a12a60affa1ca7be048613","21709612","1737905615","2025-01-26 15:33:35","0x9e18b8bec678e4a1dfa4fbecc9a62cd6c574182a","0x649614d3f7a7d68b3cf3c00264a07eeae4326fdc","1,380,629,569.18612","N/A","0x960fce8724aa127184b6d13af41a711755236c77","henlo","henlo"
"0x73ea8ccd6fa3be7fe3ecc1148dafdc3933fbba3b6382b712b8b1fb7700b4f96d","21710849","1737920567","2025-01-26 19:42:47","0x384d1b0e2abe65e6f164fd72e53d8afa5b962930","0x649614d3f7a7d68b3cf3c00264a07eeae4326fdc","995,000,000,000","N/A","0x324de8d0357699e0a7ae92ff2501378a7fe12417","ERC-20: Jumper RWA","JUMPER"
"0x3d61f923a70f45d9076dbd5c69217bc958bd500435636c63a41dc3954de81b0e","21710853","1737920627","2025-01-26 19:43:47","0x384d1b0e2abe65e6f164fd72e53d8afa5b962930","0x649614d3f7a7d68b3cf3c00264a07eeae4326fdc","995,000,000,000","N/A","0x324de8d0357699e0a7ae92ff2501378a7fe12417","ERC-20: Jumper RWA","JUMPER"
"0xdd5f4b51a743ff7b90453e801af651862725e7eef37fcdf4fc7a5be7a965cd97","21712964","1737946019","2025-01-27 02:46:59","0xc04f0aef3b77bbe8770cfcdad6ec089e0fe57322","0x649614d3f7a7d68b3cf3c00264a07eeae4326fdc","1,000,000,000,000","N/A","0xe7fb8ee1a8cb92501ad326ae0806f29194eaf44a","ERC-20: Open AI","OPEN AI"
"0x5b2600c9330eb4064fef919cfb8f1d25c839ed70721a593b14008b34f6142e3e","21719803","1738028423","2025-01-28 01:40:23","0xaa13443856ccfddd0b2b2ab1f93fb49a0dfc2083","0x649614d3f7a7d68b3cf3c00264a07eeae4326fdc","100,000,000,000","N/A","0xaf80b7dbebbb5d9a4d33c453fcbf3d054da53b25","ERC-20: Nodepay AI","NODEPAY AI"
"0xff6ef48582417168618a533c21eb83c2f9f9f746f973b1552ca575cc162f759d","21723633","1738074671","2025-01-28 14:31:11","0x58902fcd5d274fbd92e9ec7f353511014bf17b6a","0x649614d3f7a7d68b3cf3c00264a07eeae4326fdc","885,000,000,000","N/A","0x83d473d1acd97aa45a97c3b778fb5714e7e4c604","ERC-20: DeepSeek AI","DEEPSEEK AI"
"0x5716e0ad358d77daef6be997cb5454ff6ee1bfe549cbc5018fff90dff62d048e","21725716","1738099799","2025-01-28 21:29:59","0xb7a13db8f67490625ba84508310d7252c29ba6bf","0x649614d3f7a7d68b3cf3c00264a07eeae4326fdc","2,255,000,000","N/A","0xe74996f0800aa457e93ce9f8c4c22b0b95f1764c","ERC-20: Mr Beast","MrBEAST"
"0xc1f42329179ba6b82bdb1d4a277904b1625a8e17e57c6121c9e57b85e55107e4","21725744","1738100135","2025-01-28 21:35:35","0xb7a13db8f67490625ba84508310d7252c29ba6bf","0x649614d3f7a7d68b3cf3c00264a07eeae4326fdc","2,255,000,000","N/A","0xe74996f0800aa457e93ce9f8c4c22b0b95f1764c","ERC-20: Mr Beast","MrBEAST"
"0xa143d8a93721cee7d9acbcf6e9ca09f7259c9928b720224586cbc9e5c6ffbeb6","21727035","1738115723","2025-01-29 01:55:23","0x58902fcd5d274fbd92e9ec7f353511014bf17b6a","0x649614d3f7a7d68b3cf3c00264a07eeae4326fdc","959,000,000,000","N/A","0x83d473d1acd97aa45a97c3b778fb5714e7e4c604","ERC-20: DeepSeek AI","DEEPSEEK AI"
"0x571177fd5702dd8a43c885d2042011d9b108dbe953b3fb5b92b4c0c0f92bd87e","21728138","1738128983","2025-01-29 05:36:23","0x58902fcd5d274fbd92e9ec7f353511014bf17b6a","0x649614d3f7a7d68b3cf3c00264a07eeae4326fdc","256,000,000,000","N/A","0x83d473d1acd97aa45a97c3b778fb5714e7e4c604","ERC-20: DeepSeek AI","DEEPSEEK AI"
"0xd33e8fe5cadde19fa44c79d5ef798e777439aa29646ecb2f8cbbbaa8c14fb1eb","21729815","1738149227","2025-01-29 11:13:47","0x58902fcd5d274fbd92e9ec7f353511014bf17b6a","0x649614d3f7a7d68b3cf3c00264a07eeae4326fdc","615,000,000,000","N/A","0x83d473d1acd97aa45a97c3b778fb5714e7e4c604","ERC-20: DeepSeek AI","DEEPSEEK AI"
"0xc656157c137a1a28369d59bb7e5e450987c810dc62f81a791d2566dc89bc2a3e","21735093","1738212863","2025-01-30 04:54:23","0x58902fcd5d274fbd92e9ec7f353511014bf17b6a","0x649614d3f7a7d68b3cf3c00264a07eeae4326fdc","88,550,000,000","N/A","0x83d473d1acd97aa45a97c3b778fb5714e7e4c604","ERC-20: DeepSeek AI","DEEPSEEK AI"
"0x0a0c4254e172dedb65d31984ca201426139341ac9548220c18ae0e23b7535a9f","21739975","1738271747","2025-01-30 21:15:47","0x58902fcd5d274fbd92e9ec7f353511014bf17b6a","0x649614d3f7a7d68b3cf3c00264a07eeae4326fdc","899,900,000,000","N/A","0x83d473d1acd97aa45a97c3b778fb5714e7e4c604","ERC-20: DeepSeek AI","DEEPSEEK AI"
"0x58a8ff36b25461b2ac003d2dde65b485ecbf3bd761e059d7ee683de001417721","21740179","1738274195","2025-01-30 21:56:35","0xda04c8218d6c062a6c503626f69c7216b4544370","0x649614d3f7a7d68b3cf3c00264a07eeae4326fdc","200,000,000,000","N/A","0xf67bc339739f2f603085bf1652f6997ebae342df","ERC-20: Gibbon DAO","GIBBON"
"0x9cea0c7ba1f15e88f35946bed3f8e67d539a40bf34d1fecae441621e4bed2685","21740246","1738275023","2025-01-30 22:10:23","0xda04c8218d6c062a6c503626f69c7216b4544370","0x649614d3f7a7d68b3cf3c00264a07eeae4326fdc","4,554,400,000,000","N/A","0xf67bc339739f2f603085bf1652f6997ebae342df","ERC-20: Gibbon DAO","GIBBON"
"0x53917cf17fdc99845378dce736f3262b64f34471342110cc74bfdd30d85181d2","21740908","1738283015","2025-01-31 00:23:35","0xf87d7be8a0bd4ca0fdf2d25ae0b806ce0a35550d","0x649614d3f7a7d68b3cf3c00264a07eeae4326fdc","855,858,000,000,000","N/A","0xe38f71fc2ca5f5761ce21f39fff2ce70662fa54c","ERC-20: ChainOpera AI","CHAINOPERA AI"
"0xe9223f6bb6ee4840790c3dd98616667fb5e1bad6606eee4f29a514c9b1e1a722","21741162","1738286063","2025-01-31 01:14:23","0x4722c4ad835752deb917e3b67d5d108cc60214a6","0x649614d3f7a7d68b3cf3c00264a07eeae4326fdc","924,448,000,000,000","N/A","0x8c0df275c38092cd90ae4d6147d8e619b3a24637","ERC-20: Colle AI","COLLE AI"
"0x7b900d47224f427a07d50d7c954397a39c95fd5431acb28cd2f44ca915411324","21747333","1738360583","2025-01-31 21:56:23","0x9e63e5b09dffb97b71225d0b7a570fcae5a46716","0x649614d3f7a7d68b3cf3c00264a07eeae4326fdc","755,000,000,000","N/A","0x1ad55d24d37259bef0121738ee7ac906016fdc76","ERC-20: Deep Suck Coin","DeepSuck"
"0x1b0d78ba4ff13a5de9e10c9ea54ffd44e2fbc4a9a3ef0d925eeaa4bb4abef0c9","21747383","1738361183","2025-01-31 22:06:23","0x9e63e5b09dffb97b71225d0b7a570fcae5a46716","0x649614d3f7a7d68b3cf3c00264a07eeae4326fdc","9,995,000,000,000","N/A","0x1ad55d24d37259bef0121738ee7ac906016fdc76","ERC-20: Deep Suck Coin","DeepSuck"
"0x470ecd6fd76a229f82a8909cd1de9f2d72fc27f72fa7ab6475e68870ee659c35","21747389","1738361255","2025-01-31 22:07:35","0x9e63e5b09dffb97b71225d0b7a570fcae5a46716","0x649614d3f7a7d68b3cf3c00264a07eeae4326fdc","9,995,000,000,000","N/A","0x1ad55d24d37259bef0121738ee7ac906016fdc76","ERC-20: Deep Suck Coin","DeepSuck"
"0x3320da0de04784c6ea04698f8fe2195ef52f17af7cfe7f2a8989ea85f39f74d4","21748054","1738369283","2025-02-01 00:21:23","0x4b20de29852723af2d794f68b1200571a336e3b6","0x649614d3f7a7d68b3cf3c00264a07eeae4326fdc","877,799,000,000,000","N/A","0xf960abf9ccc883970bea3e79f65027e27278e1a5","ERC-20: Ask AI","ASK AI"
"0xf7758ed8fd34f3bb85687913612398b5d1203ed87e309e092c7817ec80dc63fb","21755585","1738460111","2025-02-02 01:35:11","0xb35dc45877384ab8006e3707e1698c9ff67cdec1","0x649614d3f7a7d68b3cf3c00264a07eeae4326fdc","100,000,000,000","N/A","0x0043943a2760fbd57f6e9efd46005319b2362640","ERC-20: DeepSeek R1","DEEPSEEK R1"
"0xc37b7c6e543e3feda5e3c8032652889ca2779bddb94b28d4270e091055e570af","21768773","1738619375","2025-02-03 21:49:35","0x7f440521d72f190926672a02012799f560a566ff","0x649614d3f7a7d68b3cf3c00264a07eeae4326fdc","5,500,000,000","N/A","0x439fc37d281efc118972fd210e5db4413991404f","ERC-20: Make Internet Great Again","MIGA"
"0x12e15c2176a5ef9aafeb186de68c7f212ae8285cdb975ef16457d2c740bb4be6","21771392","1738651067","2025-02-04 06:37:47","0x6844e74262d643a9feccab68e087cad4874b429d","0x649614d3f7a7d68b3cf3c00264a07eeae4326fdc","3,899,252,364","N/A","0x069758b08b81dfad225fa005fd0a66b0532066a3","ERC-20: KSDIS","KSDIS"
"0x76e291cbf104851133ed524c5cb5e9cf842b3a377f2b03ac85644ef7dcbf2f39","21778326","1738734731","2025-02-05 05:52:11","0x7749e5507cf8e34771ad2e3ad073e158c04d5099","0x649614d3f7a7d68b3cf3c00264a07eeae4326fdc","89,955,000,000,000","N/A","0xc68bcee3604f163f183cf8b9a26e610e5961b037","ERC-20: Tesla AI","TESLA AI"
"0x64470db783ef651ee4addd7330bb0b719db5431b0bb6faadf27d303a5fadbd3e","21788719","1738860023","2025-02-06 16:40:23","0xae690b82b56379d899d57ac52ad2f4021265f245","0x649614d3f7a7d68b3cf3c00264a07eeae4326fdc","400,000,000,000","N/A","0x2f375ce83ee85e505150d24e85a1742fd03ca593","ERC-20: TEST","TST"
"0x671f970e1e6dbaa4219eea5b30c93cac3054a7bdcfcdbe10a2e8d4855716f058","21791549","1738894127","2025-02-07 02:08:47","0x4e7ecaa752522f4bf0545a0f6850154539f66269","0x649614d3f7a7d68b3cf3c00264a07eeae4326fdc","98,577,200,000","N/A","0xdc84c5c25e4db37964b9f61f665caa3a2c5e8569","ERC-20: SOMEBODY","somebody"
"0x67053942e6482f3acd309dae2244fc3fa33f13ca2bbd3f4c1c67b2a7a5d49233","21800521","1739002331","2025-02-08 08:12:11","0x0ba3c8d600d3f24b2fdc1c8ba1b926764aa65dcd","0x649614d3f7a7d68b3cf3c00264a07eeae4326fdc","1,906,394,013","N/A","0x121b7d731119870016df42aeeb5947ba70f97711","ERC-20: BADOG","BADOG"
"0x8b22cb24ea3f1645751f7ba3af6774821bdb1a75e8abcb75285004795a8972ab","21808643","1739100335","2025-02-09 11:25:35","0x3fcc25d3a814f0826168be1a614ba64a14a59f67","0x649614d3f7a7d68b3cf3c00264a07eeae4326fdc","5,333,000,000,000","N/A","0x1cbbc8ac0f03b55d60040ca05cbf754448d64fde","ERC-20: KATSU DAO","KATSU"
"0xc33d4d8dd05a955ad293db1ed0cd286ad6144106ecc73a6a35551753f1e4866e","21827156","1739323655","2025-02-12 01:27:35","0xaa13443856ccfddd0b2b2ab1f93fb49a0dfc2083","0x649614d3f7a7d68b3cf3c00264a07eeae4326fdc","76,776,700,000,000","N/A","0xaf80b7dbebbb5d9a4d33c453fcbf3d054da53b25","ERC-20: Nodepay AI","NODEPAY AI"
"0x5d1ca3ee42efade0709cbd48b2722b259e138fda6a94cac57cdcc7164c3c40c1","21834251","1739409695","2025-02-13 01:21:35","0x58902fcd5d274fbd92e9ec7f353511014bf17b6a","0x649614d3f7a7d68b3cf3c00264a07eeae4326fdc","669,870,000,000,000","N/A","0x83d473d1acd97aa45a97c3b778fb5714e7e4c604","ERC-20: DeepSeek AI","DEEPSEEK AI"
"0x14705ddbb77d0712d0a697271a4a48c4908a8b33c6986b14e0914e164354f35e","21846858","1739562251","2025-02-14 19:44:11","0xa51ed816d3b9fbd928bfd871d6498516b24e4765","0x649614d3f7a7d68b3cf3c00264a07eeae4326fdc","3,300,000,000","N/A","0x13a827ef074e4b389497608b60a02e9337302dcf","ERC-20: Test On ETH","TSTE"
"0xe3a9767db0f66f078624f7697bf32f3e29d362aace48093f7c7ac5c38f83d487","21846862","1739562299","2025-02-14 19:44:59","0xa51ed816d3b9fbd928bfd871d6498516b24e4765","0x649614d3f7a7d68b3cf3c00264a07eeae4326fdc","3,300,000,000","N/A","0x13a827ef074e4b389497608b60a02e9337302dcf","ERC-20: Test On ETH","TSTE"
"0x899149f517e4e059b626427dae489911265a07f2d59afea8448333f8555d8b46","21911654","1740345443","2025-02-23 21:17:23","0x386f51db69e9a2c062664423deb498a5a410df7d","0x649614d3f7a7d68b3cf3c00264a07eeae4326fdc","889,930,000,000,000","N/A","0x85e199607eb8aeef775ae6424b42d20616267852","ERC-20: NVIDIA AI","NVIDIA AI"
"0x0283b12df561c1711ed8c732ba063db87d3a3b876d1e90b625f440ea257bfb73","21933693","1740611303","2025-02-26 23:08:23","0xc7acfd6c7146b5bdef2f8c98053e6433f5400375","0x649614d3f7a7d68b3cf3c00264a07eeae4326fdc","33,000,000,000,000","N/A","0xaf6d7aad2fe31d4ee0bc8b7e805fdda69c6f5c7c","ERC-20: Danger Agents","DANGER"
"0xec6dbc70fcd48677b5872b3098b7c3f57a38196088f6b7d82a439c081e3596ee","21937834","1740661223","2025-02-27 13:00:23","0x4b38e63f52077822c3173f08e180d2a084d3601a","0x649614d3f7a7d68b3cf3c00264a07eeae4326fdc","5,341,748,772","N/A","0xcf6053a5e7f86216ff2c59257a9609714ae8de6c","ERC-20: AIDOG","AIDOG"
"0xb24b4c4185f2be1b5e3b67b6bf641f0d016543445efbbfc625e5b7828e8172e5","21973000","1741084967","2025-03-04 10:42:47","0x767fe89301d37847078a30886c873d6be9457ad1","0x649614d3f7a7d68b3cf3c00264a07eeae4326fdc","3,741,982,686","N/A","0x64febb36f8aa4618401a5e14ed310e4746fc597a","ERC-20: PEPEDOG","PEPEDOG"
"0x1a577b0ab944b04010cfa75dacd351b4cb12e9c8d0e09b0625befddbe7620e57","21986473","1741247495","2025-03-06 07:51:35","0x34bb3be8da713e82bdcaefa0abddb1a2c5259cd2","0x649614d3f7a7d68b3cf3c00264a07eeae4326fdc","100,000,000,000","N/A","0x3c78e3391c47fb9310bdb9085955934e1622442f","ERC-20: Aerodrome","AERO"
"0xe6c32ef8aa5f298547fbb7f7f4964fbd1a6ec6b32a3101bc436098c459fb1133","22005557","1741478003","2025-03-08 23:53:23","0x51ef48923df26388a0b660b55d77b6b4f1f30da4","0x649614d3f7a7d68b3cf3c00264a07eeae4326fdc","435,000,000,000","N/A","0xdf44b73c4fbb16cd68ea00c00fd61ba8d611342d","ERC-20: Insane AI Coin","INSANE"
"0xcf1d36168bb1e8db712b4740731ea8a23d726b6fdb1a61e0461f623b5a97fc6e","22009207","1741522031","2025-03-09 12:07:11","0x51ef48923df26388a0b660b55d77b6b4f1f30da4","0x649614d3f7a7d68b3cf3c00264a07eeae4326fdc","199,000,000,000","N/A","0xdf44b73c4fbb16cd68ea00c00fd61ba8d611342d","ERC-20: Insane AI Coin","INSANE"
"0xb52d5136942866b41f0ff6446ceda1c3267170ae498a5d86335aad54af3443b1","22012351","1741559975","2025-03-09 22:39:35","0xcec6e3df48f9dec7584fff9e430ecae43460c047","0x649614d3f7a7d68b3cf3c00264a07eeae4326fdc","21,727,000,000","N/A","0xf8edbf0a9f7bf3775d8666c61a42bb9811842fd4","ERC-20: Cocoro","Cocoro"
"0x7c02657efcf0ed6fa481e2d34b278b66468f0768fb3a1f49268c03e0b8ca2c7f","22012403","1741560599","2025-03-09 22:49:59","0xcec6e3df48f9dec7584fff9e430ecae43460c047","0x649614d3f7a7d68b3cf3c00264a07eeae4326fdc","21,727,000,000","N/A","0xf8edbf0a9f7bf3775d8666c61a42bb9811842fd4","ERC-20: Cocoro","Cocoro"
"0xb1dbbda98ae76f39847cae07a93ae6e576f5a1bca3a394d9127b107dcd377f5e","22027154","1741738679","2025-03-12 00:17:59","0x9b03ee2674dcf3e8a39a014b39b1c08b3c2b3390","0x649614d3f7a7d68b3cf3c00264a07eeae4326fdc","25,000,000,000","N/A","0x4b443611c2747ddc7a7fcf732c84eacaa64fcce4","ERC-20: VENTURA AI","VENTURA"
"0x6d0708c048eef79abe0d4b3c481f85893c8fe8a39638d847dbcbda4eacb195da","22027166","1741738823","2025-03-12 00:20:23","0x9b03ee2674dcf3e8a39a014b39b1c08b3c2b3390","0x649614d3f7a7d68b3cf3c00264a07eeae4326fdc","25,000,000,000","N/A","0x4b443611c2747ddc7a7fcf732c84eacaa64fcce4","ERC-20: VENTURA AI","VENTURA"
"0xe3b4befba65b3aa2f03072588520fb22787db39a4cf348c43a624ef3563828ec","22040740","1741902551","2025-03-13 21:49:11","0x08f7bbe0168ae49b7e920435cef7141b3b14e980","0x649614d3f7a7d68b3cf3c00264a07eeae4326fdc","3,350,000,000,000","N/A","0xc5642d9e5dce91133766dd0ba555f0ec08561321","ERC-20: Roijin DAO","ROIJIN"
"0x976253cf04d8fd9a34c0b15c8ed869bf0d9cc6ed1c7d58694e3574f49dd801ec","22040762","1741902815","2025-03-13 21:53:35","0x08f7bbe0168ae49b7e920435cef7141b3b14e980","0x649614d3f7a7d68b3cf3c00264a07eeae4326fdc","93,350,000,000,000","N/A","0xc5642d9e5dce91133766dd0ba555f0ec08561321","ERC-20: Roijin DAO","ROIJIN"
"0x6f824a3e230075c72f8c8c87f72ed34fd6a6bc3c3c2e3a14584f74aeb71b59d7","22042340","1741921787","2025-03-14 03:09:47","0x10294ce11abe82a0f3cf5930e2e087b53f9f3a3e","0x649614d3f7a7d68b3cf3c00264a07eeae4326fdc","75,800,000,000","N/A","0x195ec13ef52c30ceb4019a055e7938dafae21b6a","ERC-20: Tesla AI","TESLA AI"
"0xb0d670231047a90bcc963b0d33630ee7c84b2ae1a492502f45507fde4dde5640","22050425","1742019371","2025-03-15 06:16:11","0x08f7bbe0168ae49b7e920435cef7141b3b14e980","0x649614d3f7a7d68b3cf3c00264a07eeae4326fdc","11,995,000,000,000","N/A","0xc5642d9e5dce91133766dd0ba555f0ec08561321","ERC-20: Roijin DAO","ROIJIN"
"0xf94365a189f0e51155363eb123d2fdb65d33a0af2ef507c4de48fe1e91bb59de","22070013","1742255627","2025-03-17 23:53:47","0xbe649c103a231f8a372c0f3459d3397c0b864cea","0x649614d3f7a7d68b3cf3c00264a07eeae4326fdc","65,000,000,000","N/A","0x8991da19edcc2c6dd590c6ca528bf399779b9700","ERC-20: Senator DAO","SENATOR"
"0x80839637694cd94f1204e2756c804506ec21a037ec773a2f7b919c7b9b2fb8c5","22086874","1742459255","2025-03-20 08:27:35","0x4d4f1fe11b42012ae0bbceb0fa9ee927355bfd5b","0x649614d3f7a7d68b3cf3c00264a07eeae4326fdc","3,563,418,048","N/A","0x8def6021af1b6ac508986d3f4b986d2cfd6d5b01","ERC-20: DSA","DSA"
"0x6162f52645890a443f7f5db04d60f27fdcbea944e502482c9552afa282cdb15e","22093797","1742542703","2025-03-21 07:38:23","0xa2ba46597b9191d76fd6da3b59a7f1eb21e1841b","0x649614d3f7a7d68b3cf3c00264a07eeae4326fdc","136,500,000","N/A","0x41cd4ad2d58f251ace2e43038136c2b8d8f1474e","ERC-20: tutportal","TUT"
"0xb16ba0e471e2a6370e250ceac46d7cfc8f618cfb0f9d955936fcbab7775227f3","22100765","1742626523","2025-03-22 06:55:23","0xa2ba46597b9191d76fd6da3b59a7f1eb21e1841b","0x649614d3f7a7d68b3cf3c00264a07eeae4326fdc","152,000,000","N/A","0x41cd4ad2d58f251ace2e43038136c2b8d8f1474e","ERC-20: tutportal","TUT"
"0xadd8b564dcd0866b7d7e1f628cc67118d33e36a9743d91cceb81beb3153685ad","22108409","1742718671","2025-03-23 08:31:11","0xa2ba46597b9191d76fd6da3b59a7f1eb21e1841b","0x649614d3f7a7d68b3cf3c00264a07eeae4326fdc","175,000,000","N/A","0x41cd4ad2d58f251ace2e43038136c2b8d8f1474e","ERC-20: tutportal","TUT"
"0xbf26f0c6310f4180b8e930d00bead52c410dd555f29f59ffa95d7b687e27e90f","22116343","1742814215","2025-03-24 11:03:35","0xfb3f518f6cd68deab2b7fbb79637e0f2d979b6ff","0x649614d3f7a7d68b3cf3c00264a07eeae4326fdc","158,000,000","N/A","0xcfa700306717c90eddd6006a326fe04350d92e05","ERC-20: MUBARAK","MUBARAK"
"0x1f07d2bb9b82f7714a4b13a4669dce3f6d501e6392031b3881eb4cf501bf53fe","22118794","1742843783","2025-03-24 19:16:23","0xfb3f518f6cd68deab2b7fbb79637e0f2d979b6ff","0x649614d3f7a7d68b3cf3c00264a07eeae4326fdc","175,000,000","N/A","0xcfa700306717c90eddd6006a326fe04350d92e05","ERC-20: MUBARAK","MUBARAK"
"0xb87514df921b61d77cd92d4bd0107c7828b446a087950bb01b385333774dc615","22120066","1742859167","2025-03-24 23:32:47","0xa5e22d930b83aff87e29972eaca04a14858bbc70","0x649614d3f7a7d68b3cf3c00264a07eeae4326fdc","25,000,000,000","N/A","0x9802294bd5d23f1b0b68c59ae4897d889cdb57e7","ERC-20: qLogos Project","qLOGOS"
"0x6959135d70b5a608c5ebc58fc88477e4bb0788b30ee8d3df0297ced138196958","22120082","1742859371","2025-03-24 23:36:11","0xa5e22d930b83aff87e29972eaca04a14858bbc70","0x649614d3f7a7d68b3cf3c00264a07eeae4326fdc","25,000,000,000","N/A","0x9802294bd5d23f1b0b68c59ae4897d889cdb57e7","ERC-20: qLogos Project","qLOGOS"
"0x5531c08c2df52cf14c091001daeb697ec54a7e40e460b32c3be09e3deb294955","22130657","1742987027","2025-03-26 11:03:47","0x284886892c7b4ccf3fb537bcc7f1284d962791a6","0x649614d3f7a7d68b3cf3c00264a07eeae4326fdc","175,000,000","N/A","0x338c1e2b51c4e818765a887584e7041ef9070aef","ERC-20: CZHEEP","CZHEEP"
"0xfb1459718d014d2dd5a2784489eadba9c02e1b20c300e3ad72fbc1f8a2c49c95","22137225","1743066179","2025-03-27 09:02:59","0x91874dcd4add5b4713a1cfdea4942229d59fddfb","0x649614d3f7a7d68b3cf3c00264a07eeae4326fdc","263,000,000","N/A","0x46d0fb47b1e91130d53498ebee7a968e7e6599f9","ERC-20: Ghibli","Ghibli"
"0x2dc2e1d1b54b3e39a69ea5b3269e2a36d1273fc5ae4a64a696cba126f97c21ef","22155004","1743280763","2025-03-29 20:39:23","0x2d42c17ab63bf6dc7c95c5f0b2eb4a59f0533222","0x649614d3f7a7d68b3cf3c00264a07eeae4326fdc","1,072","N/A","0xdb99b0477574ac0b2d9c8cec56b42277da3fdb82","DEC Token","DECT"
"0xd536fc4b101e0b9ec3bb040a120718bb215a29bd09b2d93ee2af211fe155e72c","22158860","1743327275","2025-03-30 09:34:35","0xb462c711ccf7b24630c1f83ee06a369b9a22545a","0x649614d3f7a7d68b3cf3c00264a07eeae4326fdc","168,400,000","N/A","0x34d0f1cb08d47dc1333657a0a84df2462e806656","ERC-20: WPEPE","WPEPE"
"0xde127f0d26893f94a44296d9888ab23f53ef9e8ecca0616f71589ca05610ca28","22275383","1744732187","2025-04-15 15:49:47","0xcca4e5d32548e929b8c19f5ca243edf47c87d918","0x649614d3f7a7d68b3cf3c00264a07eeae4326fdc","45,802,483.067286928","N/A","0x2fe158f89f32c9c5e6c7082487dbb26e42071512","ERC-20: BUTTREUM","The Next Ethereum"
"0x3ff8693bfe62b5278af0d52c3b65e7b4d29634255263e22b48bd8b4112aaf2d0","22323233","1745309111","2025-04-22 08:05:11","0x10294ce11abe82a0f3cf5930e2e087b53f9f3a3e","0x649614d3f7a7d68b3cf3c00264a07eeae4326fdc","500,000,000,000","N/A","0x195ec13ef52c30ceb4019a055e7938dafae21b6a","ERC-20: Tesla AI","TESLA AI"
"0xb8b1d4512b92885377d82148222369085e071358210796fd1d622473ccc2f72d","22373082","1745909975","2025-04-29 06:59:35","0x2c65661cded5875eef0a86b2d3324acffe23ffd4","0x649614d3f7a7d68b3cf3c00264a07eeae4326fdc","33,000,000,000,000","N/A","0xddf8099ec3c2204611c2c7248e1ffafdd55a4bfd","ERC-20: New Pope Coin","POPE"
"0x3db9ed599d1d1e893aefd5a37fb5a1d7d77b923d2306a3e08abc04e57d63623a","22381034","1746006095","2025-04-30 09:41:35","0x2c65661cded5875eef0a86b2d3324acffe23ffd4","0x649614d3f7a7d68b3cf3c00264a07eeae4326fdc","6,535,000,000,000,000","N/A","0xddf8099ec3c2204611c2c7248e1ffafdd55a4bfd","ERC-20: New Pope Coin","POPE"
"0x8268c913d5e6ee10b60614443e4c30d3da621383d9c0880f58145cc38a9f4770","22384991","1746053975","2025-04-30 22:59:35","0xdb838d234caa43fb8f542a0ed17a05310aa81507","0x649614d3f7a7d68b3cf3c00264a07eeae4326fdc","5,500,000,000","N/A","0x097e5ce31a0a75f69aa7f90fe2b3460976a332cd","ERC-20: Truth Wallet Coin","TRUTH"
"0xc188c3051f98ede0a595519864cd196200e2a60ce299236f168331f8fbe18d10","22407899","1746331415","2025-05-04 04:03:35","0xab416865d3e810743808bcc753f7ebf278c601a0","0x649614d3f7a7d68b3cf3c00264a07eeae4326fdc","100,000,000,000","N/A","0x174cd3359c6a4e6b64d2995da4e2e4631379526e","ERC-20: NVIDIA AI","NVIDIA AI"
"0xb968ed2a3a6100af56a26052ae17ed940b425df4a37b38405e047f76de3341ce","22471863","1747109735","2025-05-13 04:15:35","0xab416865d3e810743808bcc753f7ebf278c601a0","0x649614d3f7a7d68b3cf3c00264a07eeae4326fdc","100,000,000,000","N/A","0x174cd3359c6a4e6b64d2995da4e2e4631379526e","ERC-20: NVIDIA AI","NVIDIA AI"
"0x57571f5f3742786ce2d5756187a14fcf283bcd0110f6a7327bd8afd500708cde","22527099","1747780043","2025-05-20 22:27:23","0xc54ae713e0449660622c0b50922849bef6fcb1a0","0x649614d3f7a7d68b3cf3c00264a07eeae4326fdc","22,000,000,000","N/A","0x5ca9c0ddb0ba2793d0aa4e6a96954b96540d6b32","ERC-20: Jinping Coin","JINPING"
"0x0aec436dc74a37d86bdc3664f3818054cf49d1e2163d28bb967fc47c918fe17b","22561049","1748190779","2025-05-25 16:32:59","0x5335adb84dbfdad0a1fe8cafca00598386bdcef2","0x649614d3f7a7d68b3cf3c00264a07eeae4326fdc","13,971,452,240","N/A","0x70c5e1124569f17b1be71e15833eaf1331f8727f","ERC-20: Pac-hat by Matt Furie","PACHAT"
"0xaa3e8a8957e92f69debaa8a1123bf1a39469b1ebfc472a0fdbc96f0fa85d6463","22567595","1748270135","2025-05-26 14:35:35","0xb8a5d72437fff7cf3fab61921f1df8b9deb53e87","0x649614d3f7a7d68b3cf3c00264a07eeae4326fdc","30,238,645,428","N/A","0x7c28e66436c93bb9f657ddf2ba0eeecf61369b92","ERC-20: Bloodboy by Matt Furie","BLOODBOY"
"0xc67d0f077325fbd223024af636c739aa0c2005cb6d241cf9b4be337394404df8","22583740","1748465279","2025-05-28 20:47:59","0x4e44719692538a324f7aaa2f92e1b31442ad4b4f","0x649614d3f7a7d68b3cf3c00264a07eeae4326fdc","16,322,972,893","N/A","0x922824a5b3b3d5f4485ff52f4ab7cba5ea491874","ERC-20: Poseidon the Zeus Brother","POSEIDON"
"0x850beae133702f3ae4c409ecf1cf7e5ad019a5ddbdf62fde03c8e420b3293e62","22602261","1748689091","2025-05-31 10:58:11","0xab416865d3e810743808bcc753f7ebf278c601a0","0x649614d3f7a7d68b3cf3c00264a07eeae4326fdc","500,000,000,000","N/A","0x174cd3359c6a4e6b64d2995da4e2e4631379526e","ERC-20: NVIDIA AI","NVIDIA AI"
"0xc1eecaf227c335e9c62ad7c043022144e1ce437c10fed0dfed7cc8851af0be04","22603111","1748699327","2025-05-31 13:48:47","0xcdadc7d2bdafe5701957f11d58adea55d469327b","0x649614d3f7a7d68b3cf3c00264a07eeae4326fdc","28,233,952,068","N/A","0x73228b3d33cc71cb721fc62950577be63bd9c8c9","ERC-20: Maskman by Matt Furie","MASKMAN"
"0x30b0d81d5f5d6f291d6acc5b979d748557dc1c1d263d63e2b3778f1fe36dd2c1","22612445","1748812295","2025-06-01 21:11:35","0xee08d1e443610ae53a45408bb5dccab5e3be5793","0x649614d3f7a7d68b3cf3c00264a07eeae4326fdc","5,500,000,000,000","N/A","0x735c1bf40cc0fe3606fa138bfb21f2bc79cd6da9","ERC-20: Dogus Maxinus","MAXINUS"
"0xae0e8f7dffa3e12fe352dca925fcd4d406f6a0bda85eb78ec6f7d701b845b775","22614543","1748837615","2025-06-02 04:13:35","0xab416865d3e810743808bcc753f7ebf278c601a0","0x649614d3f7a7d68b3cf3c00264a07eeae4326fdc","855,000,000,000","N/A","0x174cd3359c6a4e6b64d2995da4e2e4631379526e","ERC-20: NVIDIA AI","NVIDIA AI"
"0xbd7f842540caf40c995a493b15662e9edd903b0792579b979fd3b526994a2cf8","22626394","1748981075","2025-06-03 20:04:35","0x7faedb7405be442f610be024f7fb29f42b7762fe","0x649614d3f7a7d68b3cf3c00264a07eeae4326fdc","6,550,000,000,000","N/A","0x1f2540c9ae2a92efa9be7b104bc921d975966586","ERC-20: GreenNet AI","GNAI"
"0xe2bf0977cba96f0f9e299d649f8f22dae835798ce83b700bdd08473c997579a1","22638804","1749131291","2025-06-05 13:48:11","0x66a9893cc07d91d95644aedd05d03f95e1dba8af","0x649614d3f7a7d68b3cf3c00264a07eeae4326fdc","24,801,371,880","N/A","0xbd6555ec87c8a9a2280dcd6df45b9b074fc93df2","ERC-20: Bork by Matt Furie","BORK"
"0x0995cab2371ade67441b847c8a42b8bf7515166f7d4614d3f10e8f51086370af","22659007","1749375275","2025-06-08 09:34:35","0xecd7b7f5bbe7df51ef19e953d6af5f39541fb524","0x649614d3f7a7d68b3cf3c00264a07eeae4326fdc","55,000,000,000","N/A","0xd30a720c99bb1a4f3d47086dbdadd84336274d89","ERC-20: AstroShiba","ASHIB"
"0xdd57d0fd09f6784b7e129808be62bba46d7616348cdae3eed99e7c5ca6c5212c","22659181","1749377399","2025-06-08 10:09:59","0x7dae6167111d6ae0b01b29795c4351e40ae4f179","0x649614d3f7a7d68b3cf3c00264a07eeae4326fdc","0.68","N/A","0x7ec90ed9297dbc5702b1e616a938235afd20a1de","ERC-20: Golden backed US Dollar","USAD"
"0x01740b7f1c6e4ab6896499d895751d60a3762f2d16595eefb9dd4590076d87d5","22669975","1749507851","2025-06-09 22:24:11","0xac5bfca8e819e47b4fe0f107c7a60853db4325cd","0x649614d3f7a7d68b3cf3c00264a07eeae4326fdc","33,000,000,000","N/A","0x847bea7500f31b0614ed879fdf48a1996662465f","ERC-20: Neuron Virtual Machine","NVM"
"0xc8fe7250b2adce80c3f77bcd0950a4064856c2603973480097380b4acf60575f","22699995","1749870347","2025-06-14 03:05:47","0xa7c63a71a23c20dffc85948afdeddae39b34dac7","0x649614d3f7a7d68b3cf3c00264a07eeae4326fdc","400,000","N/A","0x7cd6143b8781dc7e0667e50db02eb6539799722f","ERC-20 TOKEN*","ERC-20 TOKEN*"
"0x4d45b916ff9ce2434651e1b23bcd5b8149b38fdc789cab2f69e4950fa83a8e28","22712519","1750021715","2025-06-15 21:08:35","0xf2aaa2466b22b539256b88a248f2b0008ea8d0ad","0x649614d3f7a7d68b3cf3c00264a07eeae4326fdc","350,000,000,000","N/A","0x7f56f7dba3b4d9c7e394df413a6f824e637da732","ERC-20: Thor DAO","THOR"
"0x64fff9e7c1e8e299cb36807ec3648a18cddcf3920fe62dc68231bcb8791e92d1","22714579","1750046627","2025-06-16 04:03:47","0x8f84802da2e8b891b73bbc5f4655b36ad6d5b1dc","0x649614d3f7a7d68b3cf3c00264a07eeae4326fdc","1,500,000","N/A","0x6426b6c2a9108fa815bccca3a3232301e1895742","ERC-20 TOKEN*","ERC-20 TOKEN*"
"0x5ae0b815e63501167718bbcdf79dada53123dd06d19c8dc52a44d35e2639507b","22721504","1750130363","2025-06-17 03:19:23","0xfc5bced3252e1ddb16b3e6bf8e72bc9403d1800f","0x649614d3f7a7d68b3cf3c00264a07eeae4326fdc","6,666,660,000,000,000.00000001","N/A","0xdfc01a7956c0d151ae197274b974fa7527ebafb9","ERC-20: JITO","JTO"
"0xd17655592bb0d13c74ad1794eec313df1a774388eec331dd4b3aeef4e3af81f0","22750154","1750476503","2025-06-21 03:28:23","0xfc5bced3252e1ddb16b3e6bf8e72bc9403d1800f","0x649614d3f7a7d68b3cf3c00264a07eeae4326fdc","878,787,600,000","N/A","0xdfc01a7956c0d151ae197274b974fa7527ebafb9","ERC-20: JITO","JTO"
"0xc6f6b082b79ace24d4d1c8b3b76a2d56dfbb0e437f0f5cfa4060cfb339d265d2","22750162","1750476599","2025-06-21 03:29:59","0x6379171ff58f7b20a37f0aa51ca4419f709bae71","0x649614d3f7a7d68b3cf3c00264a07eeae4326fdc","5,775,000,000,000,000","N/A","0xdd62542e9be4390147f8c1f5b417f50ec4f834b7","ERC-20: Aerodrome","AERO"
"0x3a6f56dc260ec8d86015b6640c45fe0502b21ef8b68fed1906d55db9b223f767","22757720","1750567955","2025-06-22 04:52:35","0x6379171ff58f7b20a37f0aa51ca4419f709bae71","0x649614d3f7a7d68b3cf3c00264a07eeae4326fdc","10,000,000,000,000,000,000,000","N/A","0xdd62542e9be4390147f8c1f5b417f50ec4f834b7","ERC-20: Aerodrome","AERO"
"0xf0ec9c18ce858e00b0ea7cc1e0c04ade4dcd59d183be51dfaba185a257f98102","22801900","1751101199","2025-06-28 08:59:59","0x9d4d7abddcad93c9db702af8f5aa7b9265267cda","0x649614d3f7a7d68b3cf3c00264a07eeae4326fdc","654,684,534,534,554.55434554","N/A","0xd2f89f59fbc7125b406e3f60a992dfa9fdb76524","ERC-20: Mistral AI","MISTRAL AI"
"0xbdabbe718a067e0536ae9a83ca0393f0c9ed3155c13cf2763cab98dc168fac34","22809775","1751196359","2025-06-29 11:25:59","0x9d4d7abddcad93c9db702af8f5aa7b9265267cda","0x649614d3f7a7d68b3cf3c00264a07eeae4326fdc","56,565,233,484.58458453","N/A","0xd2f89f59fbc7125b406e3f60a992dfa9fdb76524","ERC-20: Mistral AI","MISTRAL AI"
"0xe0ca63abc1b0032209180d64137a816c06848fb4a1497d986b7aed9a880ed8ef","22814073","1751248367","2025-06-30 01:52:47","0x24b688aaa23eecb33887511ff012dea591737ce0","0x649614d3f7a7d68b3cf3c00264a07eeae4326fdc","536,835,745,348,645.55485485","N/A","0x57f19e7e1a9066a741f59484481c4d2e9150e9e2","ERC-20: MOCO","MOCO"
"0xada88f90060f2d05f45f0ee404d70cabd903ae884d1e22776c81920a6b7de95b","22865816","1751873159","2025-07-07 07:25:59","0x013cefdc368a4ba25ac746b82ce79fc4e3e378fa","0x649614d3f7a7d68b3cf3c00264a07eeae4326fdc","75,000,000,000","N/A","0xf8a56591d9dbdff6cfc48e504e14259c0bc6f648","ERC-20: Sorbet Casino","SORBET"
"0x9fafcc38d6031edbb8788f8685a46e64dacc57a6d4da3ad79beb9c94b14a9b70","22889035","1752153563","2025-07-10 13:19:23","0x7600e6ac8230d19a9f265de11bdf95d4df293d9e","0x649614d3f7a7d68b3cf3c00264a07eeae4326fdc","100,000,000","N/A","0xb03eef386a61b5b462051636001485fffdd3d843","America Party","AMERICA"
"0x742045dd928d2484f914f8bdc4bd7307f07d59c5a5f76cf6d356ada7502a0331","22930196","1752650171","2025-07-16 07:16:11","0x9d4d7abddcad93c9db702af8f5aa7b9265267cda","0x649614d3f7a7d68b3cf3c00264a07eeae4326fdc","100,000,000,000,000","N/A","0xd2f89f59fbc7125b406e3f60a992dfa9fdb76524","ERC-20: Mistral AI","MISTRAL AI"
"0x59c0aad48f704ae7f924a7267ccb841299583b9d88ae45e47d5b66a43598ab27","22936877","1752730691","2025-07-17 05:38:11","0x3f6b65b1b72808771f4b932f34a3322e3b815c5a","0x649614d3f7a7d68b3cf3c00264a07eeae4326fdc","966,968,500,000,000","N/A","0xf0f9c021af9b6431fa59dab75c8e6cb80c0dea37","ERC-20: Kling AI","KLING AI"
"0x06719db41deccfc3997389e1429bdfc0e1a03db5c411fadc3ab81e916eabdc4e","22954694","1752945635","2025-07-19 17:20:35","0x3f6b65b1b72808771f4b932f34a3322e3b815c5a","0x649614d3f7a7d68b3cf3c00264a07eeae4326fdc","10,000,000,000,000","N/A","0xf0f9c021af9b6431fa59dab75c8e6cb80c0dea37","ERC-20: Kling AI","KLING AI"
"0xdd01a8ff7a668a34f14b0d8da3e0e1f59d308453a818dacde7165a4d43226c28","22964753","1753066991","2025-07-21 03:03:11","0x9e843a6054eb527bedf0fb3c6c37b3634de7f047","0x649614d3f7a7d68b3cf3c00264a07eeae4326fdc","6,650,000,000","N/A","0xe2123cfa825b9a0c3668a0c01144649e84dd415e","ERC-20: NEURONET","NEURO"
"0x319b30d294b3e7012dd9d932b7515b0b332990fdbee66fc08688ac3177e15ec8","22965247","1753072931","2025-07-21 04:42:11","0x9eeb2ef3dc69433e94c1622813ba1bcdab5a90b5","0x649614d3f7a7d68b3cf3c00264a07eeae4326fdc","223,000,000,000,000","N/A","0x15b280213acb20c27da1144854923acf6a8c732b","ERC-20: Generative AI","GENERATIVE AI"
"0x0c95e820efebef21218cfb6a8cf89ad9c086499ea866fd50b74cc3fc0160f8a9","22965545","1753076507","2025-07-21 05:41:47","0x9eeb2ef3dc69433e94c1622813ba1bcdab5a90b5","0x649614d3f7a7d68b3cf3c00264a07eeae4326fdc","612,000,000,000,000","N/A","0x15b280213acb20c27da1144854923acf6a8c732b","ERC-20: Generative AI","GENERATIVE AI"
"0x45d0017c4b002e0e762bcef4867b439bbe4e935f2e3bc0aa1ec6990fec5b6173","22978627","1753234547","2025-07-23 01:35:47","0x9eeb2ef3dc69433e94c1622813ba1bcdab5a90b5","0x649614d3f7a7d68b3cf3c00264a07eeae4326fdc","100,000,000,000,000","N/A","0x15b280213acb20c27da1144854923acf6a8c732b","ERC-20: Generative AI","GENERATIVE AI"
"0x176a5d02b62f5636c982fe3c68ea37f7ff6d75b87b1dbaead2b637ff1e99c166","22978634","1753234631","2025-07-23 01:37:11","0x9eeb2ef3dc69433e94c1622813ba1bcdab5a90b5","0x649614d3f7a7d68b3cf3c00264a07eeae4326fdc","100,000,000,000,000","N/A","0x15b280213acb20c27da1144854923acf6a8c732b","ERC-20: Generative AI","GENERATIVE AI"
"0x221329cd6920ca5a868e8ea7e659b46fc66a997caa6c14cda4fc99caa91d5861","22985895","1753322387","2025-07-24 01:59:47","0x3f6b65b1b72808771f4b932f34a3322e3b815c5a","0x649614d3f7a7d68b3cf3c00264a07eeae4326fdc","78,654,000,000,000","N/A","0xf0f9c021af9b6431fa59dab75c8e6cb80c0dea37","ERC-20: Kling AI","KLING AI"
"0xc5ecaa5df5456a99c064ae828a519ee4c1377f77a533349c533aa3c1d42f6ec5","22995515","1753438715","2025-07-25 10:18:35","0x9d4d7abddcad93c9db702af8f5aa7b9265267cda","0x649614d3f7a7d68b3cf3c00264a07eeae4326fdc","566,565,000,000,000","N/A","0xd2f89f59fbc7125b406e3f60a992dfa9fdb76524","ERC-20: Mistral AI","MISTRAL AI"
"0x6f8fefb3c04f289b0c9e4423b7647d2c600ef7d96abf9967f1b0c75e8b8e0743","23000432","1753498127","2025-07-26 02:48:47","0x9eeb2ef3dc69433e94c1622813ba1bcdab5a90b5","0x649614d3f7a7d68b3cf3c00264a07eeae4326fdc","900,000,000,000,000","N/A","0x15b280213acb20c27da1144854923acf6a8c732b","ERC-20: Generative AI","GENERATIVE AI"
"0x9bf827816de511910d09db9e7f6a80ed91e0df605a1deb40e565b06821821378","23010758","1753622651","2025-07-27 13:24:11","0x9bd50ed8a0d183396caaf463f6c89e9deb643537","0x649614d3f7a7d68b3cf3c00264a07eeae4326fdc","332,145,678,963,258.74125896","N/A","0x635eec65a7ef10dcf96bfe051d8a6e5960efe180","ERC-20: Tesla AI","TESLA AI"
"0xd9a9ba24d39752b4b7ef33cf1a9ccd6f466d2770e9658593c04f215e4f94ee78","23037834","1753949747","2025-07-31 08:15:47","0xa511654f52cc00136cd568ae117d73aaa3ea7d25","0x649614d3f7a7d68b3cf3c00264a07eeae4326fdc","22,000,000,000","N/A","0x8c6503ffff82ca80eec5a6c43eed621fe9fb754a","ERC-20: QuantTensor","QUANT"
"0x8e7f4579cd195b3f0bc5a462bbc54a4d9cece161cd1acc0568a3b21af55a6e22","23057289","1754184947","2025-08-03 01:35:47","0x16f7b7d3fa354d60ab0d1ba769d66c2cd13291d0","0x649614d3f7a7d68b3cf3c00264a07eeae4326fdc","0.0001","N/A","0x6051c1354ccc51b4d561e43b02735deae64768b8","ERC-20: yRise.Finance","yRise"
"0xa9c0b71d765d1b16e7fa2ab7fd66dd530d4556c3ae8dabd26d3d36baa03c1896","23175430","1755610235","2025-08-19 13:30:35","0xd4bc07487b4b3dfac47ade811f54c46ce3636f4b","0x649614d3f7a7d68b3cf3c00264a07eeae4326fdc","10,000,000,000,000,000,000,000","N/A","0x0a953979fdcfd82b08c77db29705327bec39ff13","ERC-20: Grok4 AI","GROK4 AI"
"0x4e691189715b2ed05ed48206de9c57255cb12c0bad49c66ce0f7480c1524277d","23210119","1756028507","2025-08-24 09:41:47","0x4258c3834afd212cbb822c7b92d2fca777843424","0x649614d3f7a7d68b3cf3c00264a07eeae4326fdc","25,000,000,000","N/A","0x4c6c5c7c00e2e26f91ada6e032f729899f796cca","ERC-20: World Liberty Financial","WLFI"
"0xe97a768a861d8b97d9433691a0fd5a804fd9e6a2756f7e7525deccaa29555c71","23210157","1756028963","2025-08-24 09:49:23","0x4258c3834afd212cbb822c7b92d2fca777843424","0x649614d3f7a7d68b3cf3c00264a07eeae4326fdc","25,000,000,000","N/A","0x4c6c5c7c00e2e26f91ada6e032f729899f796cca","ERC-20: World Liberty Financial","WLFI"
"0xc506c63e24f5f951176238e0748fd174f59a6305a131e9aac071a205213632c9","23256201","1756583975","2025-08-30 19:59:35","0x4904667de23e03f25994c0965fab662afab46bf2","0x649614d3f7a7d68b3cf3c00264a07eeae4326fdc","2.7","N/A","0x72fb2b886bd860370a1eaba93d4d8d9fee9411a8","ERC-20 TOKEN*","ERC-20 TOKEN*"
"0xc506c63e24f5f951176238e0748fd174f59a6305a131e9aac071a205213632c9","23256201","1756583975","2025-08-30 19:59:35","0x72fb2b886bd860370a1eaba93d4d8d9fee9411a8","0x649614d3f7a7d68b3cf3c00264a07eeae4326fdc","0.0000001","N/A","0xc02aaa39b223fe8d0a0e5c4f27ead9083c756cc2","Wrapped Ether","WETH"
"0x04006498a0f8600a06e93eafe253e83827d9e6eeacbe93815aeda89b7d4990d5","23261129","1756643303","2025-08-31 12:28:23","0x4258c3834afd212cbb822c7b92d2fca777843424","0x649614d3f7a7d68b3cf3c00264a07eeae4326fdc","59,999,000,000","N/A","0x4c6c5c7c00e2e26f91ada6e032f729899f796cca","ERC-20: World Liberty Financial","WLFI"
"0x3915309204250d874fd4b2cf85ef055c089d46ae77189e3c310a8292c66e4982","23264690","1756686311","2025-09-01 00:25:11","0xf61cfcf14e6e896eb157f5c8359eeaa024e61045","0x649614d3f7a7d68b3cf3c00264a07eeae4326fdc","419","N/A","0xe141f43c9022805e10b0a220a8df4936184ea6a4","ERC-20: American Bitcoin","ABTC"
"0x77bd633f6f5cf9c80913cce5bae0097be8f019b4e915ab166c3915ab23211da9","23277961","1756846763","2025-09-02 20:59:23","0x97cd878d295e3d20f663a39bde895b519e1af750","0x649614d3f7a7d68b3cf3c00264a07eeae4326fdc","3,500,000,000,000","N/A","0x9b95cbe2a39c044dda96dd0019c9a0a7d7a7abb8","ERC-20: Hyper Inu","HYPER"
"0x6f24b9aa4448fa8aa09f2b5e56916e543374a91bee17535115644f1e220d53e0","23332014","1757499143","2025-09-10 10:12:23","0xe1b3382ca5501d9a6a18b32de402e7f9a0002ccb","0x649614d3f7a7d68b3cf3c00264a07eeae4326fdc","429.2827","N/A","0x876c48950341bd0a1f957e8258a664acc7409fbf","ERC-20: IRYNA","Justice for Iryna"
"0xedb77e46fc0447dc201353e3c075afe63ff9ee80b14ee2e3fe5ee65a2e53cd90","23336732","1757556431","2025-09-11 02:07:11","0x410c23879c7345e077225c90c792a3ad03a20e24","0x649614d3f7a7d68b3cf3c00264a07eeae4326fdc","419","N/A","0xf07ae23b6d9ce14a054364bbf48f1bd35ee916b3","ERC-20: Charlie Kirk","CHARLIE KIRK"
"0x7b72e5d0a6450ae17c63a24b8353e7a01f5dce4c7ee6b489c1f9f3c6b8bc32aa","23342345","1757624183","2025-09-11 20:56:23","0xbac2b1f1d3585d302c1a0af76a9e6e85b11ef3d2","0x649614d3f7a7d68b3cf3c00264a07eeae4326fdc","225,000,000,000","N/A","0xd6d03dd82cf25f8d966c6371ae37fff9130ba489","ERC-20: Proxima DAO","PROXIMA"
"0xd410d5e69e7cba89f89f014fbe1183919cacf3510633f73d6508b2c1f7d5e84b","23360117","1757838419","2025-09-14 08:26:59","0xbac2b1f1d3585d302c1a0af76a9e6e85b11ef3d2","0x649614d3f7a7d68b3cf3c00264a07eeae4326fdc","35,570,000,000","N/A","0xd6d03dd82cf25f8d966c6371ae37fff9130ba489","ERC-20: Proxima DAO","PROXIMA"
"0xecb991db79ab678bba359996b4d4aee46516135f0efebb21f41f9cac22678c5d","23521693","1759789547","2025-10-06 22:25:47","0x41fe16fb415afb2678e6cfd07c99924ca6afdc0d","0x649614d3f7a7d68b3cf3c00264a07eeae4326fdc","224,500,000","N/A","0x4f5521659ccb6a47178c73fb72f483b10adf557b","ERC-20: WYNN PERP","wPERP"
"0xb6a5f73dafe549f32eb4da7d5e7f374b2d9597a0e1e6719d130468218d45aa08","23532097","1759915139","2025-10-08 09:18:59","0x81049d5cd8537f822aa753073a91a197be78b7fe","0x649614d3f7a7d68b3cf3c00264a07eeae4326fdc","100,000,000,000,000","N/A","0xcfdd747d041397bce08b0fe6ebf7ef65e9f46795","ERC-20: Ethereum life","ETH LIFE"
"0x7e2a22f8d4882dbe29b04a15d6f4b6c027bdf6c2c205ebf0d123c42f77ddc75c","23544395","1760063867","2025-10-10 02:37:47","0xc878fc489bbe474fba1c9ce9170ad16530f1c877","0x649614d3f7a7d68b3cf3c00264a07eeae4326fdc","200,000,000,000,000","N/A","0x9745969171a38b40db05c506fe2da2c36f317627","ERC-20: Lighter","Lighter"
"0x322ada1f2a226614e959a7dc54ea7b07621ea4eebda563a6b4e5cc4ea2b50de9","23565874","1760323175","2025-10-13 02:39:35","0x93788a2150e6f5c0dd21e1f166bfccdfba7428bd","0x649614d3f7a7d68b3cf3c00264a07eeae4326fdc","400,000,000,000,000","N/A","0x5fba8ea5a559cf5c99ba6dd884ae17c1d621fe5b","ERC-20: OscarAI","OscarAI"
"0x603599f3bdcabeb43852b5e3d5f9d8c2037116a081b793f94daff0b30cdee13c","23580056","1760494571","2025-10-15 02:16:11","0xd9d6dfbc011b45c81c3032168f120369d4229611","0x649614d3f7a7d68b3cf3c00264a07eeae4326fdc","450,000,000,000,000","N/A","0x5c6ed14e1017cf75c237a4a4b93ce1d2f83eb002","ERC-20: GRVT","GRVT"
"0x50fc63333e6cf04ea78ea2fbfe884fb6ff07790d3b8d2686655e71803bfa11b9","23580057","1760494583","2025-10-15 02:16:23","0xd9d6dfbc011b45c81c3032168f120369d4229611","0x649614d3f7a7d68b3cf3c00264a07eeae4326fdc","230,000,000,000,000","N/A","0x5c6ed14e1017cf75c237a4a4b93ce1d2f83eb002","ERC-20: GRVT","GRVT"
"0x86cf64b374daa0e8fc19d6538df2bf33f3c1a74ad07c5cd99ca777a8747ee6b8","23595044","1760675867","2025-10-17 04:37:47","0x0000000000000000000000000000000000000000","0x649614d3f7a7d68b3cf3c00264a07eeae4326fdc","1,000,000,000,000,000,000","N/A","0xdc82ac0a89197854cb2240fabf7e7760a4ff4d9e","ERC-20: NVIDIA GeForce","NVIDIA"
"0xf81be8cb8c3ba5b2da2bd91b904dbe073e1e84ac9e0fa5410a5463def7c1ad5a","23595133","1760676947","2025-10-17 04:55:47","0x9079940df8b19c46a1b3731db7ad08a7cc84b136","0x649614d3f7a7d68b3cf3c00264a07eeae4326fdc","100,000,000,000,000","N/A","0xdc82ac0a89197854cb2240fabf7e7760a4ff4d9e","ERC-20: NVIDIA GeForce","NVIDIA"
"0x09b28b1daf62357b13d663a8946572c73ae19f2464a14160c3998b987f3c2654","23616965","1760940875","2025-10-20 06:14:35","0xd9d6dfbc011b45c81c3032168f120369d4229611","0x649614d3f7a7d68b3cf3c00264a07eeae4326fdc","97,846,531.24652656","N/A","0x5c6ed14e1017cf75c237a4a4b93ce1d2f83eb002","ERC-20: GRVT","GRVT"
"0xa0582ce14b5bc9d6b3bca3f4cf712c0ef04c4e8c8fbc942e652d5c4b796dad0a","23630211","1761101519","2025-10-22 02:51:59","0xe3c3461d78debe1d6d2086eb03ed82e5c6660cca","0x649614d3f7a7d68b3cf3c00264a07eeae4326fdc","100,000,000,000,000","N/A","0xf76e6eff109258fd5f52823d9f9fee7c90c97251","ERC-20: wkey DAO","wkeyDAO"
"0xae7a033c38c49685d968c4f3cf25706c5a7d6ff41bdcfcd6855ef9fb753f20ef","23766700","1762751639","2025-11-10 05:13:59","0x9a16a9c9a82134facb4e153c81b0f45aed9ccf3f","0x649614d3f7a7d68b3cf3c00264a07eeae4326fdc","6,000,000,000,000","N/A","0x57b055656460055192c8eaf616f90ab76a32cc20","ERC-20: OpenxAI","Openx"
"0x5f45ddbbed545f44906558fff5f8d00ad777b088fd57d9a4ce37330b55635fff","23790282","1763036843","2025-11-13 12:27:23","0xff8f617f64a140f41554ff6c252d94a8339c5298","0x649614d3f7a7d68b3cf3c00264a07eeae4326fdc","37,071,918.186037582","N/A","0x98c4760a03e2f0df2e71424b938dcb663c4c18b2","ERC-20: Sloink by Matt Furie","SLOINK"
"0x88f123e232566c5bdfe7fdf58d9d5369c27dcf880673dfe1ad2d0432332de90b","23935690","1764798503","2025-12-03 21:48:23","0xd4a4bde6c1a425395d7e1c2c13e132f56c510f4e","0x649614d3f7a7d68b3cf3c00264a07eeae4326fdc","355,000,000,000","N/A","0xf323153b25e9aae7949c2e157c58f3ac5d050821","ERC-20: BRAIN ETH","BrainETH"
"0x5913277be118e0af5d2dac28bad3d0671a9406249becc700d94061608d482476","24001468","1765602107","2025-12-13 05:01:47","0x560bd5a58e9b881a1ce8a4a09adacb1fe8bdac53","0x649614d3f7a7d68b3cf3c00264a07eeae4326fdc","3.6828","N/A","0xcb696c86917175dfb4f0037ddc4f2e877a9f081a","MoonDayPlus.com","MD+"
"0xb865944cea132942d250a47413ab6e5ace13a6b8b8550afbd10c35e343963443","24154284","1767445295","2026-01-03 13:01:35","0x42e89cbb123f29b3645e2c66a51e86e75c86ca1e","0x649614d3f7a7d68b3cf3c00264a07eeae4326fdc","41.9","N/A","0xf9b09a5f1b34b42a484050ddcf052bec00c5acec","ERC-20: Nicolas Maduro","MADURO"
"0xd8ed8921fc0c63c943a50bb6fb79299a302cbba34cc85304c0d615773d53d982","24261874","1768742111","2026-01-18 13:15:11","0x0f2069f65c24039fe9e8d4fb9a6341be2857e998","0x649614d3f7a7d68b3cf3c00264a07eeae4326fdc","96,000,000,000","N/A","0x6396b6eede0af69d8371a7520aee72bd979c3e6d","ERC-20: Ethereum Hyper","eHYPER"
"0x2a15fc1e05a52746a4938a94a32294eb298a7de33c3d4189d42fd2653e46fca7","24565564","1772403851","2026-03-01 22:24:11","0x677df468271ffe2086588d6246a4f6c1262dab08","0x649614d3f7a7d68b3cf3c00264a07eeae4326fdc","25,500,000,000","N/A","0x60b69a1dfc78a67c72a616f213b3e256e1ecce5b","ERC-20: DubAI","DubAI"
"0x2d2237958f8c800491894944de8a31d64826b8d7897dfabce943accc970c19c7","24753088","1774665071","2026-03-28 02:31:11","0xd152f549545093347a162dce210e7293f1452150","0x649614d3f7a7d68b3cf3c00264a07eeae4326fdc","1","N/A","0x2b591e99afe9f32eaa6214f7b7629768c40eeb39","HEX","HEX"
"0x14942c627f7f50201cc5b5cd756e765bd7376e6b0596968c4996a0f40e996488","24765955","1774819943","2026-03-29 21:32:23","0x1f80c7bd550b54b5227224352b6f9485facb337d","0x649614d3f7a7d68b3cf3c00264a07eeae4326fdc","0.000000003","N/A","0x9d24364b97270961b2948734afe8d58832efd43a","ERC-20: yefam.finance","FAM"
"0x38f6b3dfc52a1dd01395102b1aa2a6a770f7910ac17a83e14770d2365b09b526","24898630","1776417575","2026-04-17 09:19:35","0x7df8a3d9b8cbfe04bd5972f60502d4c545f2d00b","0x649614d3f7a7d68b3cf3c00264a07eeae4326fdc","2,550,000,000","N/A","0x7e5d09bd034604f11344ad27f2333e239787d2ae","ERC-20: Artemis","ARTEMIS"
"0x696df2e84acc676851687fca4b275db405a1a1832825207329d8301d187ab9fa","25082922","1778635655","2026-05-13 01:27:35","0x649607fca580516f936ef3b21937eb2ffd326fdc","0x649614d3f7a7d68b3cf3c00264a07eeae4326fdc","0.000010183543314548","N/A","0x39b64ac8f34bd92e35a6a805f25bd4822473f974","ERC-20 TOKEN*","ERC-20 TOKEN*"
"0x3f2c3f270b794e53cb2fc4d034f8302ab1781158aeb4ef03a735db0ba4f6ae10","25104136","1778891255","2026-05-16 00:27:35","0xef160a30134f815ef1b5b97b5fd26ee5ff225e37","0x649614d3f7a7d68b3cf3c00264a07eeae4326fdc","0.00000000001","N/A","0x43e6228b5bf22eab754486082ca91fdd8585521a","ERC-20: DIXT.FINANCE","DIXT"
"0x338d95d2669f94652ccddb4bc8fc2f0756f244f37622c607eb4290ecca20bbfa","25199892","1780044083","2026-05-29 08:41:23","0xd15fe25ed0dba12fe05e7029c88b10c25e8880e3","0x649614d3f7a7d68b3cf3c00264a07eeae4326fdc","921","N/A","0xd4419c2d3daa986dc30444fa333a846be44fd1eb","ZIK coin","ZIK"
"0xfcdfcf74f10ff797937a67eec00f4025ad9e2fc03b04b345efa788fd84d45fc4","25597005","1784828699","2026-07-23 17:44:59","0x644cc87ba4976cdbbc465768c24720b76022b544","0x649614d3f7a7d68b3cf3c00264a07eeae4326fdc","1,500,000,000","N/A","0x019035e5b76e6c6d9484210664f3f9658148e7bd","ERC-20: Xaicat Coin","XAICAT"
"0x997b5f7f759bdd6bf978bee38277d6a8af09386fcb0859598a79cc45f74c40d9","25806411","1787350211","2026-08-21 22:10:11","0xfc615b4de67e6b46b3d43c6a3fae9b373015ee88","0x649614d3f7a7d68b3cf3c00264a07eeae4326fdc","22,000,000","N/A","0xa4d0602c0e049752efe1a29fb120e93869c34e7d","ERC-20: Pipe Cat","PIPECAT"
"0x38035908e686524b24327715db8677e1c68e45a1e9787ffa3feb7fbb41e2e6c4","26064243","1790457239","2026-09-26 21:13:59","0x3d51807664cecbcf79b78261478830e29358f665","0x649614d3f7a7d68b3cf3c00264a07eeae4326fdc","551,000,000","N/A","0x21283fece254bfb7c48c22bdc1a1db7ad0e162e7","ERC-20: Glamdog Coin","GLAMDOG"
"0x03479bcbf30fa292547da4547d1f89cc2a99a874b5a9354c23e6f51f99ce4ef5","26064438","1790459591","2026-09-26 21:53:11","0x3d51807664cecbcf79b78261478830e29358f665","0x649614d3f7a7d68b3cf3c00264a07eeae4326fdc","22,000,000","N/A","0x21283fece254bfb7c48c22bdc1a1db7ad0e162e7","ERC-20: Glamdog Coin","GLAMDOG"
"0x7748943b1c6e109d53cecc12c075a6af591aa4b9d6762c0c1d727cf14f7a7a5e","26092767","1790801087","2026-09-30 20:44:47","0xc8103e6180e59b09c501676a756c742b8ae086fc","0x649614d3f7a7d68b3cf3c00264a07eeae4326fdc","22,590,000","N/A","0x68725d45a960c100e082dd14ec82c9d83c2240a6","ERC-20: Alpha Dao","ALPHA"
"0x3986dea068b4fb31dfb61aba1b91d3c982cda80fd40611bfd5db1e57e9e54e64","26092891","1790802575","2026-09-30 21:09:35","0xc8103e6180e59b09c501676a756c742b8ae086fc","0x649614d3f7a7d68b3cf3c00264a07eeae4326fdc","42,500,000","N/A","0x68725d45a960c100e082dd14ec82c9d83c2240a6","ERC-20: Alpha Dao","ALPHA"
"0x2b0e50709a7f27084dd1ae9d2d3f7984a66038f37a2e15803cf4564b7307da78","26095582","1790834987","2026-10-01 06:09:47","0xc8103e6180e59b09c501676a756c742b8ae086fc","0x649614d3f7a7d68b3cf3c00264a07eeae4326fdc","95,000,000","N/A","0x68725d45a960c100e082dd14ec82c9d83c2240a6","ERC-20: Alpha Dao","ALPHA"
"0x2129478ee8312ba0253162b4631285808442e7581cf4acd0de0353b19dc5b41a","26096030","1790840363","2026-10-01 07:39:23","0xc8103e6180e59b09c501676a756c742b8ae086fc","0x649614d3f7a7d68b3cf3c00264a07eeae4326fdc","488,000,000","N/A","0x68725d45a960c100e082dd14ec82c9d83c2240a6","ERC-20: Alpha Dao","ALPHA"
"0x2b855d552c6e444ffaeb1476e00f15fcb6e30800264d212228c2d3ed98710357","26096034","1790840411","2026-10-01 07:40:11","0xc8103e6180e59b09c501676a756c742b8ae086fc","0x649614d3f7a7d68b3cf3c00264a07eeae4326fdc","488,000,000","N/A","0x68725d45a960c100e082dd14ec82c9d83c2240a6","ERC-20: Alpha Dao","ALPHA"
"0x045d24b74bc1265b6cf3f39bf259b24a3e05f6ff5e7fff2f8f3446c7b9820233","26096131","1790841587","2026-10-01 07:59:47","0xc8103e6180e59b09c501676a756c742b8ae086fc","0x649614d3f7a7d68b3cf3c00264a07eeae4326fdc","488,000,000","N/A","0x68725d45a960c100e082dd14ec82c9d83c2240a6","ERC-20: Alpha Dao","ALPHA"
"0xe48140a83ee5465a70305c392ac2faf758c9aa6261d787265409bbd6810c2973","26099257","1790879279","2026-10-01 18:27:59","0xc8103e6180e59b09c501676a756c742b8ae086fc","0x649614d3f7a7d68b3cf3c00264a07eeae4326fdc","250,000,000","N/A","0x68725d45a960c100e082dd14ec82c9d83c2240a6","ERC-20: Alpha Dao","ALPHA"
